accountNo,name,interestRate,accountStatus,country,currency,action
95532926420731,11a27593-5862-4ab6-b590-17d6a180912b,0,ACTIVE,SG,USD,ADD
825790937593,1e5ee294-7ae0-4188-919d-50eb69336f59,4,CLOSE,SG,SGD,ADD
77625377443292,79db1f0b-993a-461c-9536-fd3e94827106,8,ACTIVE,US,SGD,ADD
17652638383516,e8974553-a8e7-47f9-a075-db6201ed38d1,14,ACTIVE,US,MYR,ADD
91497123166461,259a193e-759d-414d-b99b-51d4685126ac,5,CLOSE,MY,USD,ADD
92222781280914,dc7c08e8-331a-4737-b36e-c6c54d57e25e,11,CLOSE,MY,MYR,ADD
41706915390830,e568d4ea-9f5d-4029-ab80-696663e5a5e7,5,DORMANT,SG,MYR,REMOVE
81889239324982,b4a4eea0-8aef-42c5-be4d-2ba931cabecb,3,CLOSE,MY,USD,REMOVE
11925515283121,444e7c90-6202-40b3-8d73-f2620244aebd,6,ACTIVE,US,USD,ADD
53929657419334,e41d68f4-d334-4974-8b46-5190d3e42e32,7,ACTIVE,MY,USD,REMOVE
87309854307461,1aa90160-4e7c-4520-8242-3c7e23917456,2,ACTIVE,MY,SGD,REMOVE
34343204332925,9e9b8cc2-4d44-4101-a14a-a1079c394e77,0,CLOSE,SG,USD,ADD
31603058413066,47f6af5b-7a0f-4c02-9c0c-a6114f6f44eb,1,DORMANT,SG,MYR,REMOVE
31284359899192,c47591bc-95a3-4ec6-b35f-6f95dbef1486,7,CLOSE,US,MYR,REMOVE
58216214004732,85b46ee3-6748-43e1-be63-bd2724d5e0a2,15,DORMANT,SG,SGD,REMOVE
68457724769800,7193f5d6-5392-4b13-bd8e-8e1db8a48a28,14,DORMANT,SG,USD,ADD
11782459939699,b7868c8b-a66d-43a7-b127-522349df8a25,4,ACTIVE,US,MYR,ADD
17019927836316,fb0ebebf-e7fe-4dd1-a0f8-80ca8aaa4247,4,ACTIVE,SG,SGD,ADD
6976017357999,b7767fd5-89ae-46ca-af21-7c877d2c5564,11,DORMANT,MY,SGD,REMOVE
75324594590034,3f54aff8-610a-4d5f-840d-5c6fad2a1103,1,ACTIVE,US,USD,ADD
96382093587116,18ac2042-4db0-4f80-81d0-c2aaef75ce45,3,ACTIVE,SG,SGD,REMOVE
25719436293472,cfa28ecf-3c15-4984-8a45-de4e79fb0a5c,10,DORMANT,US,USD,ADD
2270065116741,9e84fde2-63e5-4cae-bedd-984c4f66b12d,12,ACTIVE,SG,SGD,ADD
38194491937427,78516e7d-cb91-4540-853e-d43cc9d6bca9,15,ACTIVE,US,USD,ADD
53789796049780,d6bf87e0-0bf6-4bd9-927b-8697039948b5,5,ACTIVE,SG,MYR,ADD
68655427660508,ca8787bf-edfd-4b7b-ae10-d48fa5dd9791,13,CLOSE,US,MYR,REMOVE
62978778178504,695682eb-56a0-4e8a-8daf-1497b0538726,7,DORMANT,US,USD,REMOVE
18828971873309,a94b7de2-de20-42ac-af71-54568314fed9,15,CLOSE,SG,MYR,REMOVE
42748294597018,e003197c-68b6-4074-962d-672e539590e7,6,ACTIVE,SG,SGD,REMOVE
5688634026724,5040b448-be6d-4068-aaf1-f5554be3ada5,1,CLOSE,SG,USD,REMOVE
46749297190407,bddcc8ec-93df-486f-93df-ceba3942d1fe,12,DORMANT,MY,MYR,ADD
46599125523299,d9336972-8d01-4430-9278-91f1bd48278c,14,CLOSE,US,MYR,ADD
56989601172466,3ffed0de-443b-40cb-8758-a27e96e8c75e,11,CLOSE,SG,USD,ADD
76055283049136,0135158f-388c-46c0-819c-45a5e4f22063,7,ACTIVE,US,SGD,REMOVE
58359211975393,69cdacec-c37d-4e42-8bff-72fdb84fce82,6,CLOSE,MY,SGD,REMOVE
68535986475565,8b1bf138-44db-4f43-8d37-776675f1cb3a,1,CLOSE,SG,SGD,ADD
80202462419745,aa836d5a-8a67-4bf7-a7c8-83a6eb684f0d,10,DORMANT,US,MYR,ADD
46354862920491,c4229bbe-44af-4678-b346-34a25122e9a1,1,DORMANT,US,USD,ADD
91810661242576,9c8f550b-3fd1-49db-a4db-1ea1a231cf7f,6,CLOSE,SG,USD,REMOVE
88235515391358,6e6b0108-1382-4166-85b2-07f88d2f1e07,14,DORMANT,SG,MYR,ADD
8848008071956,78ab7bbd-dfdd-4b03-b086-6f7c892a66db,1,DORMANT,SG,SGD,REMOVE
54264743420005,70410489-7856-41d3-9a4a-e80a079209a5,6,ACTIVE,SG,MYR,REMOVE
99406346947717,f466fac2-e4f7-4f68-aa4b-29672787a309,12,ACTIVE,US,MYR,ADD
60925677727174,79139bd9-1f23-493e-9165-f801667ae167,13,ACTIVE,SG,USD,REMOVE
12748594903635,c8ce6a88-090e-4063-bd50-f06b3a0efa3c,13,CLOSE,MY,MYR,ADD
14450821877574,421d3e64-c368-418a-bd4a-af26789768cd,8,CLOSE,SG,MYR,REMOVE
30936504873091,2123b002-ace6-47c5-86ed-8d4fadfddef4,15,DORMANT,MY,USD,REMOVE
74424198303735,edf286b0-22eb-43ef-94d2-a79832364df4,13,CLOSE,MY,USD,ADD
77301313197265,b5196b15-c717-47e6-a946-2664cef15c9e,0,ACTIVE,US,MYR,REMOVE
37620913829715,c53bf0ed-cd27-412f-9315-e20e1156b833,6,DORMANT,SG,USD,REMOVE
92233116758052,3ecda791-dfb3-4d54-afdd-5f3d2af9626a,10,DORMANT,US,SGD,ADD
38523492011648,9cf0cdcb-ec2f-46af-b07f-6bf4a6cb47d9,5,DORMANT,US,MYR,REMOVE
45564663009148,74187f62-b798-4a52-9ffd-1896af6158ba,15,CLOSE,MY,USD,REMOVE
98936409449049,fa8d6493-0284-4032-ad11-8d6b59be6e82,15,CLOSE,SG,SGD,ADD
99727477070790,749b3a73-6d08-4a80-97c7-f37e918547d1,4,ACTIVE,MY,MYR,REMOVE
38776379986111,78c91e84-0b7c-4fab-b289-24d1fc5cecba,13,ACTIVE,US,USD,ADD
49538386522963,4eb7d0cf-5e34-437d-a567-aa8f4758520b,11,ACTIVE,US,USD,ADD
2317546542800,7d1dd089-25ea-4ae0-b9f0-674a78b2c3a7,9,ACTIVE,US,SGD,REMOVE
910714027511,f0ae6a2f-f5ee-4c77-aeb9-11f4a6f1b1d4,4,ACTIVE,MY,MYR,REMOVE
79145343014564,797f739d-dd21-47c2-9e34-aae202a1c37e,3,CLOSE,MY,SGD,ADD
63991905561060,1dcccdca-c451-4738-a3cf-97ff1dfa25cb,14,CLOSE,US,USD,ADD
32887604991719,5aa483d0-1395-4dea-b611-75d0f64fe1d8,9,ACTIVE,SG,SGD,REMOVE
18777266737116,63f70730-d4b9-48ca-a84f-a82b2d101291,5,DORMANT,MY,SGD,ADD
28306527622426,58d7c0cb-e169-4158-ab2d-6a2f2ee30cb0,2,DORMANT,MY,SGD,ADD
95447004042296,27a1e689-01d3-450c-98c9-20c788de74fc,15,ACTIVE,MY,USD,ADD
34697980396593,0b965388-c72d-4c83-b8ed-1a78d58e5160,2,ACTIVE,US,MYR,REMOVE
30656876442751,89bdf4c2-86dc-4326-82bb-0e23ce8b8e5b,9,CLOSE,US,MYR,ADD
36822168260972,0dec11d1-09c8-43ad-aa6c-a6c783fc306e,8,DORMANT,US,MYR,REMOVE
48922442410694,7cc3b61f-192c-4e55-9f39-d854831465ef,13,CLOSE,SG,SGD,REMOVE
15768558058994,74d0a0ab-454f-485d-ae65-712f9ad53184,14,DORMANT,MY,MYR,ADD
46821706279406,e6a1b77a-9f4c-45dd-a815-767152f8cd6d,0,DORMANT,US,USD,ADD
34150746780447,6a764945-3153-42d3-9d71-eab0e8b6bac7,15,CLOSE,MY,SGD,ADD
84690622356974,fe36f510-6e24-49fa-8a5b-fda0c0b744cd,9,DORMANT,SG,MYR,REMOVE
60024758771801,4c299ae0-bf51-4dc7-b5c3-e76108f686c7,8,DORMANT,US,SGD,ADD
75918322451561,bf01f05d-d966-42f8-acd4-9e37d8859278,1,DORMANT,MY,MYR,REMOVE
67930446451455,c8f02cc8-1e90-40b3-a4c8-942664deb76f,6,DORMANT,US,SGD,REMOVE
53555342146815,c01948aa-7839-46c6-b94c-37bf0a328453,3,ACTIVE,MY,MYR,REMOVE
40190825964179,1f94fcfd-fb52-4d05-ae0f-e93f9d5cc06d,4,DORMANT,MY,MYR,REMOVE
79406113475100,504bbe13-295e-4aee-a2ae-46046a340f8b,14,CLOSE,MY,SGD,REMOVE
79356902923851,dc265a8d-4285-4f13-880b-3cb658b83cd1,6,CLOSE,SG,USD,ADD
42360615555053,3f7c23b2-228b-46f2-9d80-2dc3296c7a97,10,CLOSE,US,SGD,REMOVE
36139796582018,2e09f946-d784-47ce-b105-762598ba91db,9,ACTIVE,SG,USD,ADD
66163386545935,56f8b189-5ecf-4b22-9ec6-cb1f21fb4333,7,DORMANT,MY,USD,ADD
97749762899279,aa570c4f-57fb-45d0-a69c-db7453117ca8,13,DORMANT,MY,MYR,REMOVE
19261572230772,963a26fb-851f-4020-8c7e-e8b3a39b0abc,3,CLOSE,US,MYR,REMOVE
43170182127840,f0852203-ae4f-472f-9987-647ba8a601b9,5,CLOSE,MY,SGD,ADD
50393945415912,e5bb4860-e4b1-4d59-9d24-9ab7b0c952eb,15,ACTIVE,US,MYR,ADD
47928708339182,3fa051c0-585b-412f-a631-063d80d1f408,14,ACTIVE,MY,USD,ADD
1806896729162,72ee8897-a2b3-419a-9625-b9cc045f8496,14,DORMANT,US,USD,ADD
24883742622316,cb0d21d1-16c9-441a-ad93-9255bbf310d9,11,ACTIVE,SG,USD,ADD
14902865506796,2300a04e-1c99-4f98-8a0d-ae29636c32ab,9,ACTIVE,MY,USD,ADD
46960763862474,fb2aca8a-5d4e-4f6f-ac8f-06b6d618e280,12,CLOSE,MY,MYR,REMOVE
19961020137993,400a5695-2a38-44a2-9388-c26a7380e182,9,ACTIVE,US,MYR,REMOVE
22610239714678,52a7ea3b-f422-4f6b-bc54-55517ec7a225,11,CLOSE,US,MYR,ADD
85188235932102,d64b597f-0c15-4971-b793-e16734047200,4,CLOSE,MY,SGD,ADD
55785401248716,48bef5b9-b499-41f2-9127-433c2b589103,8,DORMANT,SG,USD,ADD
35480444021129,d4fbba47-a62a-466e-94fa-df5880bb3e4d,8,DORMANT,MY,SGD,REMOVE
13829905746407,cb4bb485-c147-430e-a815-bc7ab000afb1,14,CLOSE,SG,SGD,REMOVE
81989260519583,61da7b64-f62d-4573-b11e-2694154c9528,1,DORMANT,US,SGD,ADD
14120227624659,72da40fd-4408-472b-ae0a-a1329d4ac006,3,DORMANT,US,USD,REMOVE
98509407977586,f9683a9e-ae4a-4d19-b0a4-17f23f52d1b7,0,ACTIVE,SG,USD,REMOVE
94224475253588,89c93ff3-a892-4a0a-9f48-361b63f85a11,6,ACTIVE,US,SGD,REMOVE
60290341026121,24c0c7c4-fa29-4899-bf4d-7320cf3a06dc,8,DORMANT,MY,USD,REMOVE
89732189216563,35b579f5-56df-49a5-99aa-9a5d07c9a96b,11,ACTIVE,SG,USD,REMOVE
67968519460284,17712084-cb1e-4bb0-bea7-a3892f073283,8,DORMANT,US,MYR,ADD
20169603985996,870c2789-de03-40cf-aa02-415154833de5,12,ACTIVE,SG,MYR,REMOVE
66698256644555,ff63740c-4fa1-4604-9feb-c4f3d7f47385,6,DORMANT,SG,USD,REMOVE
69172430384160,508fbc67-55b0-4695-93ff-3d95155723e0,2,ACTIVE,MY,MYR,REMOVE
92451212346948,6e8d6dc9-70a3-42a0-b37e-3ed8c96db97e,12,DORMANT,MY,SGD,REMOVE
31340917636776,735d9df5-a8b4-49ba-91d9-7645a077b7cd,8,ACTIVE,SG,USD,ADD
35442508130956,a568642d-4fc5-4598-94c3-f9ce77d06f12,10,DORMANT,US,SGD,REMOVE
46140938841178,59817cb6-1217-4af0-831e-5f6833df13ec,2,DORMANT,SG,MYR,ADD
61328654117217,22791744-b7a6-4764-b42d-ff8c6182b775,1,CLOSE,MY,MYR,REMOVE
27294962560695,78e44150-c2e0-4735-af32-dad6b363706a,13,CLOSE,MY,USD,ADD
15864943858796,00e1a567-a56f-4856-a0ca-93e818891b5a,5,CLOSE,US,MYR,ADD
55284306506324,e7910d53-2fcd-43ba-87df-757de6ffd4aa,10,CLOSE,MY,SGD,ADD
23654607873364,a76189d6-cc3b-4e32-8713-a884ada91d12,1,DORMANT,US,SGD,ADD
60644862776056,5b98e2b7-ab7b-4245-bff7-c386dbe7d5ce,14,ACTIVE,US,USD,REMOVE
68548873275263,9a4a68d1-ec3c-4caa-a667-bc5994a02530,3,CLOSE,SG,SGD,REMOVE
57812045788828,746635f9-acc1-4f67-b878-1cca390f80d3,14,CLOSE,MY,USD,ADD
6195657125174,87be4bf5-8ac8-4971-b858-33f0801a99b9,12,DORMANT,MY,USD,ADD
78636235653705,e985a11a-efa6-421a-a0a1-aa490a584e55,14,DORMANT,US,MYR,REMOVE
33375133942462,a184f3d5-cb6c-453a-a747-bb59b969fa37,7,CLOSE,SG,MYR,REMOVE
48961076609325,d480d360-8d6d-4c88-b216-4454ec830749,2,DORMANT,US,USD,REMOVE
30085691106707,a912b035-0854-4605-9732-63d27f51a27b,13,ACTIVE,MY,USD,REMOVE
49032597717467,2d100ae9-9d43-4f0b-aa91-59d4f2ced5f9,7,DORMANT,US,MYR,ADD
31807735352388,5974470d-9b23-4689-bfbf-fbd78dd672c1,15,ACTIVE,MY,USD,ADD
76668801917187,82ba92cf-38ea-4d27-8da8-61acaa50b163,6,CLOSE,MY,USD,REMOVE
81803599172058,8842e825-843f-4e75-8424-ae45ba43200a,3,CLOSE,SG,SGD,ADD
30092143952344,d353b2b9-479e-493f-9684-3bf9bd9d5951,1,DORMANT,SG,MYR,ADD
24592511090786,a22b664c-da1f-4844-b54e-84d048f403e6,11,ACTIVE,US,USD,REMOVE
30224520800242,c5b81478-54a0-45f4-9240-92cb1c7a4405,6,CLOSE,MY,SGD,ADD
22644285747694,d255724d-6353-41ef-8517-a77cdda84c85,11,CLOSE,SG,USD,REMOVE
18631259127785,c1a00cd2-0ad6-41e7-8ac6-8caccf65555e,11,ACTIVE,US,USD,REMOVE
80210469157303,ff3fbaa4-204c-4272-ac48-22b9d1a78121,7,DORMANT,SG,USD,ADD
7550322740771,e3bc4e38-cec5-48e4-82b8-cca00f07c555,6,ACTIVE,MY,SGD,REMOVE
49622926370849,38d54637-07de-4c3c-9ed0-6443f35fc338,1,ACTIVE,US,MYR,REMOVE
57089688960529,2637ef30-c738-4e31-bc1a-f52b6e3eb9ea,10,DORMANT,US,SGD,ADD
54506535329539,efbde29c-1921-43c1-813b-2a8e786372f7,9,DORMANT,MY,USD,ADD
49556749763956,9dd4c7a4-a562-4780-930a-cd4783fdd97f,4,ACTIVE,SG,MYR,REMOVE
14749022729704,2653f9e0-70c8-47aa-be8f-e54d104ae4ed,10,CLOSE,MY,USD,ADD
4397726560607,ae3f749c-176f-4e14-b5f3-397f0cb12bd8,8,CLOSE,US,MYR,ADD
37324474269919,79953306-35bf-418b-b1fe-ba8ef2479508,0,CLOSE,MY,SGD,ADD
93471374244437,6107a7d6-3f46-41b2-81a9-6ff1bbafe3d8,13,DORMANT,MY,MYR,ADD
22146860817392,6a7e1c0c-93d8-460a-9152-0ce7af81fec1,4,CLOSE,US,USD,ADD
98569583763503,12ec7447-bd14-47e2-8c43-5a698702f7b4,11,ACTIVE,MY,SGD,REMOVE
45197717257162,17caf1f8-ce9f-4b4f-a0c4-9a34145cc52e,1,DORMANT,US,MYR,ADD
38406637891133,de402d91-2256-485a-8345-2368dd23b1e8,1,CLOSE,SG,USD,REMOVE
82477965913000,2f0bcc4e-92de-4999-934c-ef824873d49c,10,CLOSE,US,USD,REMOVE
75925569698936,c15b6ee3-b651-4ea5-9cd2-30c13ee628c5,4,ACTIVE,MY,USD,REMOVE
18710289135566,5405a4eb-69f4-4bec-984e-adbd0e6db30a,8,DORMANT,US,MYR,REMOVE
81665516769768,4c006823-0402-4d51-b4cb-2b8ee91f04f6,2,CLOSE,US,SGD,REMOVE
20445074419792,82117bd3-6149-474f-a394-5a256722319f,9,ACTIVE,US,MYR,ADD
69798725474164,eb7380c6-af1f-4654-bfe2-976162c094f8,12,ACTIVE,MY,MYR,ADD
4076375745231,b24ca315-0900-4d64-a6cc-a348704746af,10,DORMANT,US,USD,REMOVE
99180490179335,ea807a5b-2ede-4f8d-a674-e3fc43b3564d,13,ACTIVE,SG,USD,REMOVE
19834465249770,1c909b1e-6774-4f7f-a81d-8fec64658082,3,DORMANT,US,MYR,ADD
29878746945873,0e2c740e-6d05-43c0-be9b-31e78d2ddcec,11,DORMANT,US,SGD,REMOVE
8288904807727,1887dedb-b430-4023-8828-bc0f7a247c9c,9,CLOSE,SG,USD,ADD
6379993914768,eadf8b7d-fe1c-4cd3-b5f8-65a1fc5917f1,7,CLOSE,SG,SGD,ADD
49068885286089,f1f54252-f451-4bcd-a80a-b09f27e8a7b8,14,ACTIVE,SG,SGD,REMOVE
18123462787061,ad715eda-9c4a-457d-9f52-a0797b6c5fa5,7,CLOSE,US,SGD,ADD
40791068390209,2b6470ac-0a14-4854-88de-a08f07507309,10,DORMANT,SG,SGD,REMOVE
96944429543936,d9306e54-39f8-4784-874b-aab05a861d03,15,CLOSE,SG,USD,REMOVE
6712772547484,c7812c2b-98f4-449a-a173-178f16f94ac1,1,DORMANT,US,MYR,REMOVE
83606358642417,699a8165-8e2d-4777-818f-35fd95b176f4,1,CLOSE,MY,SGD,REMOVE
30043350158445,a15cc357-19cb-4d47-b2fc-60919c87e4cd,15,DORMANT,MY,USD,REMOVE
18786061567398,2b4b3fb1-243c-4a96-a286-62912a2f31e2,14,ACTIVE,US,MYR,REMOVE
97415225950060,55133fa2-48e1-4a5f-9be6-1a8431c42c11,6,DORMANT,US,USD,ADD
19220477364621,010606fe-15b8-43a5-940b-0be754ac9408,0,DORMANT,US,SGD,REMOVE
65087788223482,37fa7620-a6bc-4b18-a3a1-39d36b372925,1,DORMANT,US,USD,ADD
51735756232991,9e2aa2b3-ef80-45c6-9b66-13f5c2716c92,7,DORMANT,MY,MYR,REMOVE
37116291845099,d4847e7d-3f83-4c0c-aaae-132d06bc0ac6,2,CLOSE,US,USD,ADD
62429304451473,d2f53aaa-502d-4459-ab16-558ceaf5970a,12,ACTIVE,MY,MYR,ADD
10828460256386,79151e09-d080-4aad-aafc-0d1ebf4e584a,14,CLOSE,SG,USD,ADD
93161495023659,7326b0ee-6ef2-45bd-a60e-a55103295969,11,ACTIVE,MY,SGD,REMOVE
7209453250958,3f94093d-9c0e-49a2-ad9f-fb4f9370b6c9,5,CLOSE,MY,USD,REMOVE
86955471077846,0941b4b5-f6cd-4c62-8319-990d62c788af,2,CLOSE,MY,USD,ADD
41669696833828,9c86de6e-5e7f-46ec-bc13-8df47d1e0301,5,DORMANT,MY,SGD,REMOVE
56978611143000,4710ce92-cd1b-404c-9242-90933890bd5f,10,ACTIVE,US,SGD,REMOVE
37614971544478,fe6da3a6-5668-4b74-b487-506c4ab5a2fc,9,ACTIVE,US,SGD,ADD
37323716633009,a34fdb82-b136-4262-bc25-d019e38c92b9,14,CLOSE,US,SGD,REMOVE
44507738570088,92651861-1c77-40da-98cb-3ac4c06a7581,6,ACTIVE,SG,SGD,ADD
23335512133078,aeebbab2-6d17-44b9-abaa-a9ca18244624,6,CLOSE,US,USD,ADD
40745457185278,647c2a33-ce65-49cb-8a06-f4f598f69474,1,ACTIVE,MY,SGD,REMOVE
38814238554942,678a749c-1bf5-421c-b023-e1b32bfebca9,11,ACTIVE,MY,MYR,ADD
53726510906112,fa697b34-ad1d-4dab-8bc0-e61fd8427603,2,CLOSE,US,MYR,ADD
21874605932379,b6daab19-5885-4fc5-b63a-7673440e2079,9,CLOSE,US,MYR,ADD
76657443385757,f7703e35-814d-432c-a1a4-6defd86ad07a,0,ACTIVE,MY,SGD,REMOVE
91772359400189,852f0499-b557-496d-9773-9d8a66022f17,6,ACTIVE,US,MYR,REMOVE
90663140617339,43da685a-71ac-4bbb-9c42-f5144e4d1146,0,DORMANT,SG,USD,ADD
15062891934538,ea345834-6705-450d-babc-654d4b3c597f,8,ACTIVE,SG,SGD,ADD
91983731916913,99998424-4cba-49e4-a313-bc4c1925e1ae,15,DORMANT,US,MYR,ADD
65542087795330,81a5a8d4-947f-48b1-b0fe-761250bda961,15,ACTIVE,US,USD,ADD
42580580036001,a46a76c2-0344-4af9-b1f6-d95b56fb5a31,14,DORMANT,SG,SGD,REMOVE
86043322564061,33b5d9bd-21b4-444a-a0c6-2208afc688ee,14,CLOSE,MY,SGD,ADD
52291914068537,35f77fa0-2af9-4c18-b17b-919128b21bc2,12,ACTIVE,US,USD,ADD
29879099124795,04b0cffd-275f-4791-8ec4-4c6d2d12e860,8,CLOSE,US,MYR,ADD
84553256592351,ef064aa7-148f-4356-8aa3-286dde876fb3,4,CLOSE,MY,MYR,ADD
99426644505961,e9dcd98f-c128-44e5-9658-160782cc297f,0,ACTIVE,US,MYR,ADD
32680742236201,ae9fbaa1-904c-4c37-b1f9-10eea660c3cf,8,DORMANT,SG,SGD,ADD
57888955196865,3c748c4a-57b0-4a86-9172-1c4d6e5212b3,0,DORMANT,US,USD,REMOVE
84527411117155,0abd9cb1-1ebc-4384-b8ad-215f4a12a2d1,1,CLOSE,SG,USD,REMOVE
16345390676551,a194e83d-8fbd-4a49-bcda-c5e2bbfc6db8,1,ACTIVE,SG,SGD,ADD
33787958403085,3b7336eb-4781-40bb-8763-e9f2c79c185d,9,CLOSE,MY,USD,REMOVE
5128346177777,8290c741-c681-4ec4-bf1a-d6fe53650c3c,7,DORMANT,MY,USD,REMOVE
30177876229145,a88a0238-ab43-4e6c-a616-cdcefd914515,1,DORMANT,US,SGD,REMOVE
79473710014364,27363853-2f65-4244-8ec2-c6843006e176,8,DORMANT,US,MYR,REMOVE
92039356492172,9f26912a-4614-42c6-bc6f-e72f3a9a1246,11,ACTIVE,US,MYR,ADD
81966536471904,#NUM!,1,CLOSE,SG,MYR,ADD
62425933373474,fad04efd-a24f-48f4-8943-152d5beee2ac,4,CLOSE,SG,SGD,ADD
86498214265962,1fca257b-22a8-4ff1-8d47-0d7f4312ae92,11,ACTIVE,US,SGD,ADD
612667347756,672a027b-8e7e-4ad1-8c0c-ccd330055b1e,1,CLOSE,SG,USD,REMOVE
72834365910000,e9500927-6d55-40b6-af4e-212350f1d230,4,DORMANT,SG,USD,ADD
41179329992549,76c9895a-f370-439d-8cd4-e7b7ed6d3a7b,14,DORMANT,MY,SGD,REMOVE
98598122377415,f9b200a5-1c3b-4694-a7bb-8c305ace7c01,4,ACTIVE,MY,SGD,REMOVE
71152702200633,f5239e85-c8d1-422b-b69e-cf6b4eb045d7,14,DORMANT,SG,MYR,REMOVE
90452011964937,2dcfbf52-74b9-405e-967e-e86c393142eb,9,DORMANT,US,USD,REMOVE
70865259614290,8be3a36a-26e5-4d59-97df-b773fa6d87c0,13,CLOSE,MY,USD,ADD
37024754295147,db7fa6de-5242-4098-ae31-1d94fe0f1c86,10,ACTIVE,US,MYR,ADD
53426164343065,5d6207a8-f020-4fc0-86ba-f7a010a8a054,3,DORMANT,US,SGD,ADD
5750319946090,8795dede-c13e-48ea-b104-ac5d71396797,13,DORMANT,MY,SGD,REMOVE
36057650396336,61472e62-fcfa-4616-9ab4-73639deb93af,5,CLOSE,MY,MYR,REMOVE
73101721954877,3fa4e885-b4be-42d6-a024-d5b95e023882,1,CLOSE,MY,SGD,ADD
25070925939486,0fce0214-338d-4363-8474-06602ce77a32,9,DORMANT,US,SGD,REMOVE
52336967092170,f1635aed-9a47-4ea8-87b7-812dd79abc0e,0,CLOSE,MY,SGD,REMOVE
44732031366388,c1b0cac5-82f5-441b-81fe-24609e34cfc2,10,ACTIVE,MY,USD,ADD
54006476467377,bb48c731-4bff-492e-ba18-bce5c7dcc95d,3,CLOSE,SG,MYR,REMOVE
95613493157341,5df2d5b2-502a-44f2-9a45-1df9d91b7609,2,CLOSE,MY,MYR,REMOVE
68474767870465,89895c4e-bd66-4728-b2d9-4798bddf0199,13,CLOSE,MY,MYR,ADD
68389755879379,983c4029-ad13-459b-b693-5d0fb9901d64,12,ACTIVE,MY,SGD,REMOVE
60568074263818,233848cc-28a5-42f8-9550-122b4eff63ca,13,CLOSE,US,SGD,REMOVE
58677462320672,72f6b48e-c9a8-4197-ab84-cfef9a060e14,12,CLOSE,SG,USD,ADD
95789358295651,bec98815-f3fb-4791-8687-4a47f534f2f2,10,CLOSE,SG,USD,ADD
42876172664819,0fbb02af-ee83-4958-9179-e954c6e3db7e,7,DORMANT,US,USD,ADD
77500799836047,ea615132-6b34-41ad-a090-cac4b81b6edc,12,ACTIVE,SG,SGD,REMOVE
52138116721141,ec077f92-9eb6-4bac-8e97-cb65bfdfe507,15,DORMANT,US,USD,REMOVE
64062019735394,c6e0af1f-1822-47e9-b77b-d85a861ed530,4,ACTIVE,US,SGD,REMOVE
88202577403805,19610adb-83f7-4a6e-a7ed-81817f4ac578,5,ACTIVE,MY,MYR,ADD
87229737385517,e7fa9db2-3c82-407a-89a9-1ddbb81be027,7,ACTIVE,MY,MYR,REMOVE
29384451309329,b926a65a-d2eb-4266-bd9f-c0d4fd8e8e05,11,DORMANT,MY,USD,ADD
27169951699481,41ef290b-b295-4f9d-ad49-bf0a2061a86e,13,CLOSE,SG,SGD,REMOVE
62125372834461,f9706251-c47f-4877-b37b-16bccc7e8169,0,DORMANT,SG,MYR,ADD
28670268504014,39871f01-e0b4-4d43-a2d8-117c87100c10,3,CLOSE,US,USD,REMOVE
93120286654476,c2d215a6-730b-4542-a5a0-01c8cc8d9999,9,CLOSE,SG,SGD,ADD
90526153252919,963adbf6-fb3d-4f81-b079-8860e0727552,6,DORMANT,MY,SGD,REMOVE
34904633217399,4fad9e07-2960-424d-8564-0d20e2f45ff8,8,ACTIVE,SG,USD,ADD
92526545467099,8451aae8-4819-4fa4-9b44-4c8362c8a6b9,7,DORMANT,US,USD,REMOVE
20832157112629,e066bb80-bd17-4340-8bbd-a89ed1a575b3,8,DORMANT,US,SGD,REMOVE
89525733949668,93a57eca-6b50-4c0d-b922-c94709b15674,0,DORMANT,SG,MYR,REMOVE
73719107341270,f3e77af5-bbdb-4c42-86b0-e0d34559bb76,12,DORMANT,SG,SGD,ADD
19475975367547,485cfe61-56d3-423b-94f5-aca303836757,3,DORMANT,SG,SGD,REMOVE
68795986413251,fe16513d-a8c0-4f76-a0b2-d3bebbf057c9,1,DORMANT,US,USD,ADD
25756555726850,90b446bb-e3b6-49da-adba-457a43a0091a,5,DORMANT,SG,USD,REMOVE
97384308810840,2403ddca-b898-4896-a0d2-9b760eeb51d9,5,CLOSE,MY,USD,REMOVE
12189894124615,b760617c-d857-4652-b3c0-aa00f0c80635,11,DORMANT,US,SGD,ADD
60207119561734,9d86a603-4830-420c-b3d0-ee455cb89cf3,2,ACTIVE,MY,MYR,REMOVE
50650839930657,20ca8080-a6a3-460b-8082-c42557ea524a,11,DORMANT,MY,MYR,REMOVE
79573179059087,2a500b71-e702-483a-a07f-2504cfe08878,6,ACTIVE,US,MYR,ADD
99982665848213,b96dda18-f52c-43dd-8f79-a171e3ec59f7,9,DORMANT,MY,SGD,REMOVE
53034849096051,74f8e93b-6271-4070-b591-263fe4beb84a,2,CLOSE,US,USD,REMOVE
25502557198910,be615316-38b4-4098-bc30-283e53bb6f06,7,DORMANT,MY,USD,REMOVE
88590184467529,d63c889c-3d0a-4226-82fa-8c7298ef46c3,14,DORMANT,US,MYR,ADD
2224185515435,d2311a58-6c5b-4276-b474-61e5ad72ff8f,12,CLOSE,SG,USD,ADD
19420153498881,1c82ba5f-c22a-4520-9618-dd626903a9c6,13,DORMANT,SG,MYR,REMOVE
70410199842695,183c19fe-0fa7-4405-a5e6-f59152a23cde,10,DORMANT,MY,MYR,ADD
62328245728110,4964e764-3dd8-4106-9c15-5c731a8fc7a8,4,DORMANT,MY,USD,REMOVE
2778872597214,e619fec9-2310-477d-98c3-c1313aadfdae,14,CLOSE,SG,SGD,ADD
71656219000323,83b83bd0-9587-472f-9fcb-ff8727987160,8,DORMANT,US,SGD,ADD
18636946761311,9023157a-d632-45a4-ade4-501b99c38071,9,CLOSE,US,MYR,ADD
7703838871216,5c148ea7-9d67-4144-afb6-b2bbb1ef5d23,10,CLOSE,SG,SGD,ADD
74702638220686,0c70bea8-00a0-4173-b1ee-0ecb2a423021,3,DORMANT,SG,SGD,REMOVE
84286445599758,804983e4-7384-49a9-8f74-f48dcd9f0be6,2,DORMANT,MY,USD,ADD
43335271165292,50bc9f12-96be-4672-9910-92de69d859da,6,DORMANT,US,MYR,ADD
62700228050970,08038faf-1ae7-4cd3-a6dd-9616c919dab9,4,ACTIVE,US,MYR,ADD
97584479112441,da929ff2-f15a-4a0c-96fc-3cb22ef8e089,9,CLOSE,SG,SGD,ADD
88798577732235,af6a5798-047f-4f27-9669-08b9135c97c3,11,CLOSE,SG,SGD,ADD
74054054685557,0911a5e2-3504-4768-8229-8922b8d28add,9,DORMANT,US,USD,ADD
4122578749773,bc0fff3c-5eab-4176-ba39-f6ec91eb860f,13,ACTIVE,US,SGD,ADD
63340732457424,4bb2055d-f810-46eb-a5c5-6c2facfa69e2,3,DORMANT,MY,MYR,REMOVE
27146650283842,4de7ebc7-5366-4990-9334-dea4320c94e6,9,DORMANT,SG,MYR,REMOVE
90647899620276,0e45b684-b9bc-459a-9dc4-a104f22115da,0,ACTIVE,SG,MYR,REMOVE
77780266145214,6f867052-0bd2-476c-9a19-30d6b2bb8e85,1,ACTIVE,SG,MYR,REMOVE
81636125096419,5d8c6ea2-e753-4437-8e0a-783d22720e15,13,CLOSE,MY,USD,ADD
94052431227762,07a57fe6-d84b-48c1-8587-7292e2d6b789,13,DORMANT,MY,SGD,ADD
15895045919737,ed75899f-4dcf-4ef6-bb42-fbc0bee7e87c,4,ACTIVE,US,MYR,ADD
74654015355537,3dd906ce-f737-49e0-b4fc-559c4f45536f,15,DORMANT,MY,SGD,ADD
38797157617702,54a57958-07cf-41e7-86cf-42ad398595ff,13,ACTIVE,US,SGD,ADD
35874435907954,326b676b-7e7b-4776-9643-250b64473600,6,CLOSE,MY,SGD,REMOVE
20865952263655,86cc01ea-d5a2-4cd7-be59-fa9f3126572a,5,ACTIVE,US,USD,REMOVE
42676647798292,bfd70872-6308-42ee-82ce-6ebb036d6d58,1,DORMANT,US,SGD,REMOVE
20422859430955,26b4163d-ffd5-436f-a480-da4d121691e6,15,CLOSE,US,MYR,REMOVE
29181084747156,3606c85b-90c5-4e20-928d-99f4a6f04882,4,ACTIVE,MY,MYR,REMOVE
35155874577431,fa652172-d975-43c4-a949-02a4a251dc2f,13,CLOSE,SG,MYR,REMOVE
42991713876517,904fc657-3b68-4a6c-9efb-1af714b81987,9,DORMANT,SG,SGD,ADD
73910209273551,aadd4da2-510f-498d-bac5-6c4f42808bbe,0,ACTIVE,SG,MYR,ADD
16489705420455,63249932-cc34-436b-82ab-15e446496d4d,1,CLOSE,MY,MYR,REMOVE
90377060280242,bc680bf1-c735-41b1-ae46-951b2496fc22,12,CLOSE,MY,USD,REMOVE
39057468722981,10690f1d-75f4-4183-b735-845624c309b7,12,DORMANT,MY,MYR,REMOVE
75093185983915,6089fa80-2435-4562-84f0-8de8203c8621,4,CLOSE,US,SGD,ADD
51532742789388,8aab3f83-864a-4a2b-a590-29f4bb6e2cf6,3,DORMANT,MY,USD,ADD
46365754019995,f04551bb-ad68-435f-a110-d986ec336cc7,14,DORMANT,SG,MYR,REMOVE
558452356347,ec445d57-abed-4d09-bd51-85452fa8301f,0,DORMANT,SG,USD,REMOVE
56160833835398,d1ccdb64-f6e1-41c5-8610-4473a89250ed,13,DORMANT,SG,MYR,ADD
59409821545071,c969c809-d3e0-4bf6-a55e-0cb913b9f751,11,ACTIVE,MY,MYR,ADD
27251574853340,b21bae8c-7e9f-49d1-b1e0-b277467723f0,9,CLOSE,SG,USD,ADD
82007008232297,5b181555-46b3-4a7a-a8c7-c9ab47186b48,15,CLOSE,SG,MYR,REMOVE
58690505197046,ce96bbe7-ea61-48f5-a5c7-665bdab4c085,12,ACTIVE,MY,MYR,REMOVE
26502934771965,41a87a6d-e9dd-4e99-a72f-e4f1923fef41,14,CLOSE,MY,USD,REMOVE
50394664208665,3cb84a53-9fd7-4b93-9413-adf03044a5bc,5,DORMANT,SG,USD,ADD
68437783225749,01619a5e-5b90-475e-ae37-ee488359438a,4,CLOSE,MY,MYR,ADD
10779777602080,32632973-b9fc-4105-9eea-cc48f4290d46,3,DORMANT,MY,SGD,ADD
19928131463773,8e2cf741-76c8-4ed1-9fcd-5c4f1b2a2ffd,9,ACTIVE,MY,USD,REMOVE
36595691956344,a1bc6cf4-882b-4f03-93cb-3b1ec869de2c,6,ACTIVE,MY,USD,ADD
69988027602515,38565d6f-9f6a-41dd-95b4-60417d25eca2,13,ACTIVE,MY,USD,ADD
5340566855284,376eebff-d7f6-419b-b3e8-e386628734a7,2,CLOSE,MY,SGD,REMOVE
44990411322711,1fcf0b5c-bd3e-4a33-a8cd-0270fdfc0dc6,5,CLOSE,SG,USD,REMOVE
67314160501604,5866ffc6-60cd-488b-8fbb-f6e0eded0747,15,ACTIVE,MY,USD,REMOVE
52445487876399,b549fb35-d614-4701-a25f-cd4c7b810499,1,ACTIVE,MY,SGD,REMOVE
69296698605262,bb3401f5-91ee-4495-a790-e9a31d5eb9e4,11,CLOSE,SG,USD,REMOVE
62763241681334,5a4ac58c-7721-4ebb-8d85-60b809b0835b,8,ACTIVE,MY,USD,REMOVE
74480892821982,770d7449-4e7f-4224-a2a1-f968241a18f7,12,DORMANT,US,MYR,REMOVE
36247982470341,a18c981c-c07f-4210-b26c-e00ec2c055e9,7,CLOSE,SG,USD,ADD
84056199087134,7248d84f-7795-4254-befb-bf385a91fe49,15,ACTIVE,MY,MYR,REMOVE
64365814308517,c186b8a0-1c0f-49ce-8adb-5bda83ceafa9,5,DORMANT,US,SGD,REMOVE
52965729576527,5a9b8a3a-fda4-497a-a653-1d7f0ef28155,3,ACTIVE,SG,USD,ADD
35347760564177,e1e85fc4-03f9-4a27-a8c8-c399b98d53ee,14,CLOSE,MY,MYR,REMOVE
3479664119757,c7e08ca2-96b1-43cb-b1c8-1f62539f9c26,15,ACTIVE,US,USD,ADD
79360883523396,4f9e2fd8-4f84-4a59-ae3b-f08a8d76dd52,6,CLOSE,US,USD,ADD
10358062651151,e7a7d72e-1111-49bb-a1c7-47992250dfbc,3,DORMANT,MY,USD,REMOVE
47864586478655,831ff071-f552-471c-826c-96afee92ed73,6,ACTIVE,US,MYR,ADD
82406409127536,e13b79c8-562f-4071-91ef-41acbcca9425,14,DORMANT,SG,USD,ADD
28506015353759,f4c3d2f9-455b-4e55-b6d3-99d48522c286,6,ACTIVE,MY,SGD,ADD
41868299704487,81a6504a-dd88-40da-a972-f1a171fbf275,15,CLOSE,US,SGD,REMOVE
49731472215222,0d80d339-b01d-488c-9703-37aa5e6cef1a,12,ACTIVE,MY,USD,REMOVE
55223891728201,9d30858a-da66-4da3-932d-9a3b5d47610b,10,CLOSE,MY,USD,REMOVE
67220796861414,8e247d3f-1dd0-4d37-9546-d1b1cd559cf2,2,ACTIVE,MY,USD,ADD
91619316653787,7e6920db-f06c-4a92-a14c-89ef7226c3b0,15,DORMANT,MY,MYR,REMOVE
82201167061644,b61f2989-2a8d-4791-8929-592be7122146,8,DORMANT,SG,USD,ADD
54055868425886,dc26e713-e507-44f5-a322-afb6342db811,13,CLOSE,SG,SGD,REMOVE
60107911513367,1f559817-b7b3-4ef1-b627-fc7d1d05e83e,12,DORMANT,MY,MYR,REMOVE
79135866744213,17f8e66b-9e4e-4843-a3ec-2969b88b86a6,10,DORMANT,MY,SGD,REMOVE
56426073872703,97761a55-d10d-4b9a-8bc3-9a3ea4a1842f,2,CLOSE,US,SGD,ADD
53353760748662,3ee88346-9c27-48dc-ab6e-b465f056e8b5,0,DORMANT,US,SGD,REMOVE
41891266808992,a99a7585-eeb3-468c-947e-b557538b93c2,13,DORMANT,SG,SGD,REMOVE
63778070999753,50c6a4b5-b749-4855-a6b7-10bc43a8d465,15,ACTIVE,MY,MYR,REMOVE
87948740692194,7bce2481-1fc7-4983-a9c7-5503e42152ac,14,DORMANT,SG,SGD,ADD
92004504489754,e4dd6a38-7c05-48d5-be8f-7f1d3f0b35d3,11,CLOSE,MY,USD,ADD
30757126463575,bde82054-d59b-4c26-9499-530306d3f5e4,13,ACTIVE,SG,SGD,REMOVE
63463768364303,32d38f61-4b0e-446b-950c-223d203122b8,8,CLOSE,MY,SGD,REMOVE