787056e9-797f-4e3d-9fd6-9e16f1213e1f,BEN,2020-11-17,27062460527281,48338409626116,0958904e-b2ea-4485-a917-9d3fc07222e7,USD,637867
6d10ccdb-a85d-4213-b76a-d7ab7489a846,BEN,2020-10-30,76331019174572,85829578795820,c559b44a-3ba3-4111-b103-b695cea6af63,USD,597857
e858c158-d8c1-4429-a611-603879d3e759,OUR,2020-11-26,65866070300789,84049331906553,bfcceae0-7563-46d8-ab2f-e749a91ce2de,USD,152563
f4d827c4-d0a2-444b-876a-d862c8d218b5,OUR,2020-10-12,86189009417526,4239232229533,fbcc9be6-9c46-4015-b792-a37541494cb1,MYR,281833
2332262a-8cc7-4ab1-9599-5fd6a0ee3e78,SHA,2020-11-08,75392613251948,37563796288805,02917c8c-6e9b-4e32-8225-84a64b7d5c51,SGD,291958
c4a3d2b5-f11e-41cb-8a96-6edba7a1662e,BEN,2020-11-17,84294850239846,13861059933563,b4e84c7a-8cf9-4585-883b-e6b27d780cab,MYR,103109
709acab2-74da-493f-b69f-d95518b220c4,BEN,2020-11-26,51593595200809,84644639578669,18506a0b-1bd1-4ead-89e9-1a130290f3a6,MYR,825180
e4376b13-245c-4e70-88e5-79dacb56eac1,BEN,2020-11-23,21474399453732,41200361340588,f3f40dc2-deb4-4f92-97e1-5f1607bb160c,MYR,160236
c0c6e1af-ff47-4887-b102-bcf714832dea,OUR,2020-12-02,52407161141980,84404411527606,354e2ccf-9a46-463f-83d0-590fa7e679a7,MYR,287398
ac9a0b0e-7a9b-4cd4-b1e5-be23d0d4c0e5,OUR,2020-10-15,58713525350775,16073785956166,386108d9-3db2-4f37-a56b-5c3b41346a7b,USD,872462
bdf206a3-ec47-42d9-865b-7a01046f5614,BEN,2020-12-17,68772170559264,76268888926609,66f9e451-7e26-4f1c-81ed-9901a15d869b,USD,502703
0e32f3d2-1f79-42a6-b93d-7f175e9dd325,BEN,2021-01-13,83453398815530,19110692523782,74c4c1b7-294b-4323-9031-8a5cbc6f72ed,USD,998243
ebed15e6-8f7a-4359-8cb2-4d3a94a620b3,BEN,2020-12-31,42631172064553,67639016016727,1b55436c-4270-4e01-8d67-555e04ea0c31,MYR,85003
df7d66b1-d4dc-4c33-8f85-112c6b0f2aed,SHA,2020-10-27,21588414898280,43776430811162,8eef714e-095a-41d5-a716-918c63ada29c,MYR,363881
0396ef2a-3388-4f35-a99d-8a5906a844a0,SHA,2021-01-30,17507957343016,4570057882447,12963581-64f1-44f3-8b6e-c117fc2ae03a,SGD,222534
a637b198-62b0-498f-9129-8a18946937e0,OUR,2021-01-18,69638102171121,71725609665224,ae58e191-a267-4500-9aad-00844c37e8fe,MYR,805097
fc5f5378-1fed-47ef-82c2-3aa128afd029,SHA,2020-11-29,41626361154114,13289477102116,bb1568c5-dbab-406a-9dfe-6c3c4c9efb2a,MYR,955049
9df4e74b-9a82-4687-b8a3-228a7756ee48,OUR,2020-11-30,80531811030603,52590711255963,b1a61706-cc6b-42a0-a8c4-7dda42bfe3ec,SGD,362540
cc39f468-0a3d-4eb9-b2b4-8ca3fdfd725e,BEN,2020-10-20,97554932714534,50184286802463,cfe05cd3-7c3a-4a76-ad53-ab609ea5b3cd,SGD,231836
994da743-9576-499a-8969-6ea360eaa7dd,BEN,2021-01-10,11430747617552,43702205999377,fe6d3dc9-d930-4cfc-b292-018f0c5e30ec,USD,288253
9b12128a-5fa5-448c-91a8-8cbdd373b38b,SHA,2020-11-18,18775883095892,18200259633519,3effcd61-bee2-4d0f-a416-8076ad11b1a8,USD,835450
9935e4cb-1c68-4de0-b28c-ae9d0cdb7e7c,BEN,2020-10-17,15409000195535,41941456683175,f3a1908c-9829-4f8e-a698-b3618b8e1aeb,MYR,20634
7e27c68d-b8ad-4a3b-b484-e4609a1ae0f7,OUR,2021-02-27,22167222316644,67598760348203,f9a4cc74-9c99-437e-a7ce-014132329f35,SGD,565945
37c2137f-b6e3-42a0-82fa-894490612278,BEN,2020-10-13,39229095383258,31356096877333,32441924-9561-49ea-82dd-92cbd1fc40f4,SGD,171110
2712291a-927c-4b3d-a597-f205ca68ef89,SHA,2021-01-09,74928405811318,51462073945781,1bcd922c-44fc-45f2-8c4b-96b1aa81a0a0,USD,153820
4828f534-865c-4068-89d8-73bb9b946c1e,SHA,2020-12-09,90846571925342,70686076512973,74f43e55-8f99-44e9-aca4-aec92bc27fe6,MYR,254775
1e4bcdba-1fdf-4f34-b735-f5daca7d7faa,BEN,2020-11-03,61642742918682,32859157731301,a55c7812-c4fc-4a31-83b7-4371dd013e37,MYR,904052
b7e9d7da-9e9b-44d2-bce3-8ddf6ec76fbc,SHA,2020-10-23,92107897257047,91489471486136,f6121f1e-7c2d-4173-b91e-dc347e234f8f,SGD,228628
71b5e622-d590-49ec-b09d-f8c32a9d7cee,OUR,2021-01-22,84526653221425,66744314210077,5b0e676c-c02d-457a-b19c-64dc3437b51f,SGD,758363
6afe1ed3-558e-47e0-bdd0-39fc305e4c48,OUR,2021-01-27,2016448613070,88140009905907,a5725deb-68e8-4aed-8d9a-fa121076f46d,USD,579080
59dfe4ff-81f5-4a41-9cb6-0ef6fd9f8865,BEN,2020-12-25,30588951184588,94519208750360,02f1c4d5-fa3d-4f83-a527-aef7c9e41606,MYR,155228
8bda2903-a72e-4a01-bc75-393a3c7d7857,OUR,2021-03-02,9814363007353,25615981522903,54f0d95a-7e43-4ebe-a784-beae5bfa9e1e,SGD,462233
e6c673d6-d49f-4be2-ac20-2b6c3fb56c2a,BEN,2020-11-15,53744863455901,45721391261686,9e8585fd-aaae-4557-bc24-bddccb9dd20e,SGD,809386
dd6afcee-2c68-46b5-bbe4-dc31ed168102,OUR,2020-10-22,9581889708709,53812827536005,d08d72e8-43a6-4b37-91c1-242b859c5e81,SGD,189385
a8ef1e02-10b2-4641-9fda-e3e1b5b5381c,SHA,2020-11-14,76053607470610,8011116092227,a372041e-ebab-43ea-b827-a92c24a051dc,SGD,927767
48ef96b0-60b3-4e7b-a25a-96daf0b3bf99,OUR,2020-12-12,21779390509642,22820232751578,4af767a6-f9ef-46f3-9a23-06234274c379,USD,460681
8d591c79-bed1-4c84-b591-3f8c022ac9bd,SHA,2021-01-04,20754836579339,84725956512939,f279cf8e-2d68-4c45-b397-dca1a395f820,SGD,656097
2ef08fa7-e034-4592-a376-3c0d4ba4cd33,OUR,2020-10-19,73314392242411,94563172959923,859a15d7-8a5c-4542-b733-08ac57fc71ab,MYR,55236
0c3e2670-ee04-4939-b3b8-22f565d3cb8f,SHA,2021-01-27,20103843476308,1322039407653,b1d0b660-a954-441d-9246-eb665cbba4c7,SGD,631368
96011d5e-a11b-4473-9f55-9299e670957c,SHA,2021-01-25,81755413262894,43380163536827,d53c23fb-7924-4aec-a30c-497b582b8d72,SGD,755238
66b03998-5a04-4cff-99bd-84fa5617fbe7,OUR,2020-11-07,88136196052577,26274717898749,d2d8507f-2cb1-4db6-9eb2-befb47ff8e12,MYR,463692
5b04a84b-e9a9-434f-83f5-4fcf2dfc62e6,OUR,2020-11-25,49683225371784,76691847603832,94876030-ce39-40a1-9fe8-6c12977e6afa,USD,132725
3f5e80d6-c3f9-43fd-9e45-f154b1503a22,SHA,2021-02-27,57890190825449,2354117368209,654e6fd4-31f3-4d67-aaf0-f7f3dc3a84b3,MYR,436352
370f6cf8-1a1b-4c75-8a06-abfb28a13f10,BEN,2020-12-10,12993455700154,71506111741709,b2fadbd0-e915-4c67-b339-f5cc08ff2260,MYR,421566
9c3ffdc6-c442-4ee8-bd4b-d3b57a3dad97,BEN,2021-01-08,56872079448103,79096687817780,037e3b03-6a2a-4c3b-9a5f-7fbb5fbd7ed0,SGD,32455
65c191fb-8969-4a5e-97a6-e162f9cb7825,OUR,2021-01-21,3702936896130,47646174190494,a5118c69-fd5d-4bf4-8b83-7469d476afa7,USD,92022
d60c3592-cb34-4a56-b432-da22392398e6,BEN,2021-02-21,22201068870871,47063052837815,81b7acd3-53a2-49a6-8e5c-fd80168cc6f7,MYR,518100
a585e372-e76d-4ee4-800d-3d91587ba846,SHA,2020-12-23,97592022988702,24921542209392,e03f9af3-edf2-4753-86b2-955996f82d62,USD,370012
514c5e46-1e81-4608-b856-5bb8d8dabfbf,BEN,2020-10-20,3877354783183,46413113124236,1b01de9b-d34c-47c4-91d4-3b5f57113363,MYR,98735
4bd31492-92af-4099-ab8e-8061918eb43e,OUR,2021-01-10,76219853715655,42031232956224,7e83e1db-6043-4520-aae7-c0b8e9565504,MYR,458239
dbb8f058-f8f5-4f2a-9ad1-aec7df0d4873,SHA,2020-10-28,80335238824908,84152703322826,77b495ae-6b7f-4fe6-a240-7b799e87adc0,MYR,640583
df400b7f-aa5f-4ced-ad7f-65b05088ff02,BEN,2020-11-01,88697562132666,82176035956846,1e8da8fb-2212-4a46-8f00-518c7c52f244,USD,280204
6a037087-ef6b-4c34-bdd3-4cab41bdee85,SHA,2021-02-07,45433746911208,35190983987291,36b417c8-99e7-4fc3-9476-2388e0beb5ae,MYR,232780
4291ce1e-ede7-4619-8cc7-8f5547579272,SHA,2020-12-13,32243499039265,67163083570040,adc8a231-b713-4542-ac91-e261bfbfad9b,USD,314787
e77587a6-42ff-4bd1-aeee-4aa337fc911b,OUR,2021-02-23,25376453678721,96025214290588,6bec5b27-5751-464f-8144-863e4b7c9b2f,MYR,752783
c7eabe50-2024-4c3d-8d1a-67c2f07e9ef9,SHA,2021-02-04,26129709090598,36172834866199,9c881663-5318-4782-b4bb-a6dde6bb648f,USD,595460
d6af71bc-7c76-4670-bfd6-d8ce3f3b131f,SHA,2020-11-14,22171689353102,66552325639376,dae396f1-a489-4801-bb5b-db1ea3617b0f,MYR,511951
3273e0c1-7f53-4ef1-88aa-74a7b3e51188,BEN,2021-02-02,67137222614666,26441530468195,3a784e3e-d802-43b9-abb3-41fb00baf4f4,MYR,519823
9fc3af4f-7526-46ea-8f33-595a76399268,BEN,2020-12-03,76572210421253,13823681641939,178329d2-8abc-4513-bf9a-3889af9f3d4a,USD,259548
fda8d97e-6f95-4598-9093-616d5fe7ba62,OUR,2020-12-27,72748603649997,29138798046307,cfc96cc7-4407-44e1-beb1-6ca696340b17,SGD,796783
c2447adc-35f1-4117-8b49-b167ae817980,OUR,2020-12-04,89821138565990,73326816480996,81fe5b56-6536-43b8-8c19-9aada911a47d,SGD,536055
a18972f9-29a5-4da8-9955-85e25d183475,OUR,2020-12-06,15971935004781,16199502104120,d33a63d0-841e-4d3a-87ea-d0da30c3a7bc,USD,375891
768ec389-7dfc-47ef-ba6e-aa0d805fe74a,SHA,2021-02-05,20015194138756,93774718434451,dcfd2358-2560-494b-8f4c-15a14287764f,MYR,948083
f4739368-2382-433a-9bba-70973a30d8cc,SHA,2021-02-05,29797914381965,1181441294116,17b18f62-b221-414f-b70e-90c92bf0c46d,USD,273957
8f0c3feb-e94e-4e41-8c9f-51049da8c7da,SHA,2021-01-02,71574928972547,32122556224367,6272a086-d5a4-4a8e-8c21-481fa1902ed3,MYR,944242
4159b9b6-a493-4802-abf2-50abdfebd9f2,BEN,2020-11-11,64555614384941,47175406869553,4f61aaf4-4d78-4cd0-8c6c-26e31699b1bd,MYR,455470
dbe9e6f3-7149-492b-b9e9-9b19ead17237,BEN,2021-01-07,81342967821382,25952014122733,e9be236e-74c4-4814-9475-97447cdfa443,USD,533863
e28e48dc-1feb-433a-bd7d-01ea4d0a7260,BEN,2021-01-16,77842508497593,23283848219191,6a6ecda8-aac9-49e6-bcc3-2429fa54c0ce,SGD,997934
ef4b7361-508c-4adb-9697-42a7766a9946,SHA,2020-12-29,40003194767630,79175769163602,26a3b6e0-ed4c-483b-83c5-957b297932cd,MYR,366192
9bc5781f-7369-4cd8-9c4c-5ac8b04684ae,SHA,2020-10-23,15969472146017,87394549715399,688c788a-f511-418b-accf-56cd3f76047d,MYR,61617
6962a16d-701d-4feb-9465-498e9e9d1fd9,SHA,2021-01-09,42236947256815,1843933020600,09a3c399-edeb-4d14-a276-6a517597ea16,USD,562578
7a468a0b-c6de-4735-8a02-94339762eac1,SHA,2020-11-12,71978938666686,27199182911459,7cde81e2-fc1e-4713-bec9-3bab10f7819d,MYR,796459
d3557868-eed6-4c6e-b0ac-0d3fc5c6e002,BEN,2020-12-28,37225362067476,48505381421039,c4274738-f573-4339-982e-a0dd20e530d1,USD,516082
a80f6cab-b21f-4932-8730-6eaa5807bd31,SHA,2021-02-08,49510734977379,3422160120943,49268185-8a07-40a1-b3a0-6bc699f2ba50,MYR,310483
dfb2b1bb-a56e-4319-adfd-201ec196a21a,SHA,2020-11-18,22705019289351,19727499244213,024bba38-9056-453c-b7c7-9e96e66b32a9,MYR,40930
cecc6688-552d-4671-ab70-ac0a1bd583af,OUR,2020-12-29,83654209213400,51948169066135,728c3bd3-c5d8-4347-b65b-c79aca460606,USD,860857
ec538c20-b3d5-464d-89a3-aedd320f89b0,BEN,2020-12-10,71995496404933,57865896462460,923c5e2c-c345-4902-934b-50c82d828b0d,SGD,322239
5072081e-d863-40a5-84f6-91db4c111dc3,SHA,2021-01-14,19684093179912,52205383240826,684a4417-5aa7-4e80-b7ca-d2286811efb5,SGD,846367
1be46647-dde4-4209-af8c-f52b6e88b7b3,SHA,2020-12-04,13989588017169,45200622346018,274158a8-8c1f-4911-b9e3-2fa2c6d7043e,MYR,882142
75cae0bb-a1ba-4990-9a95-720df094cc49,SHA,2020-12-17,84923833462617,92838551742220,9e9397d6-bcec-4563-a5db-571fee85456e,MYR,481694
11914952-bcc9-4acc-828f-5d0c4cd77a02,OUR,2021-01-11,9495758330028,52448227086139,949a347d-467f-48e6-84da-4bcde9e5d23e,SGD,70580
17ca0040-d1d5-4e29-85cf-9a4250e95f23,BEN,2020-11-10,92760340616378,17432034787564,e257c587-9d50-457d-b4bd-a7438a621abc,SGD,952129
57ad6bd1-b8c6-48bf-8967-0896f27f4b72,BEN,2020-11-24,60196894443091,7940663644877,9d81280d-6aae-4be0-a0de-73b3a6d31501,USD,694296
2ff213dd-bdaf-4793-b13e-459153dfa5d3,SHA,2020-10-19,3562502195752,20115677149900,b2f5fe40-1b67-4edc-9465-a672dbc45137,USD,885450
818165b6-0c44-4ffd-bf4f-c5281df0e688,BEN,2020-10-18,81100384597476,1820268940492,e475dfe3-24e0-4b71-addc-4d77bb39cd78,USD,385456
ea6a40c6-6b52-4cf9-bc98-71c7ea2925ac,OUR,2020-11-28,27040144842755,3513492940260,b870a10d-e16a-4382-b21d-3526f4e4e571,USD,809914
087cab48-e6de-41d3-925d-3dbda797c46d,OUR,2020-10-27,30042985410138,70609622335215,d95e3837-3d0f-4a60-8daa-be264c545c7c,USD,523901
a7c4f8c0-c2f4-407d-8538-abcbedc4fd7c,SHA,2020-10-12,58951347345279,80594648129733,6c413fbf-dbb9-401e-a767-3a68c9d0afec,MYR,955358
55fe9c64-1cf2-4d18-9640-efc29a69230d,SHA,2021-02-22,41905143654915,17073668786905,5442caca-67b1-4f47-aa9b-d535c4951d5c,USD,991423
e15c1207-1c07-469d-82ed-60e04747bcd6,BEN,2021-01-02,86816948920924,2467214083909,3b9e7a81-1c5c-455d-a0ff-7883cd1d1f45,USD,3069
6f16f50b-e84f-4434-9664-da33f0a9c338,BEN,2021-01-20,25157091082360,32650003255415,175cc2fb-7684-46bd-b74d-6311e897fd52,MYR,917559
ad1e4e0a-1c73-423c-8ae6-d9079841d594,BEN,2020-11-11,33229938467100,13167334203932,9da20e3a-3eb8-4566-9397-aabfb03c2f49,SGD,606696
9e98e904-d3bb-4b6a-a192-ba303df908c1,BEN,2021-01-11,35353175565108,90186115949077,f9a980f3-f0d8-406a-bb51-6d97f350dacc,MYR,697483
dd8d05bc-3568-4fdb-ae88-9b6f2a6325f9,OUR,2020-12-05,24155014083790,9958050223022,a73ce206-de7d-40db-914c-5ab42147d4ee,SGD,321795
7e98ff08-6499-490d-803a-c60966dc531d,SHA,2020-12-02,82835417364753,39881707837000,6e967595-cdff-49fd-afc6-c90223879b2f,MYR,717392
8184dc1b-8724-42e9-8a96-6ef56fcba174,BEN,2020-12-08,45865534449417,5245209886855,68adec86-3875-45b5-b13b-b1a00a0dbd09,SGD,558321
a34a9962-d40e-414d-bfbc-d4875716a6b3,OUR,2020-10-20,67171777584761,30504996838856,2242e061-bfd5-4fdd-8d9d-5d8969bc8fcb,MYR,994126
466045ab-86a7-4e27-92b1-97602394812d,OUR,2021-02-22,13657027192857,92182893128525,54760233-b585-41c7-8e50-1fb792bd9b36,MYR,371459
ae23d070-3cb1-4c04-9eee-223ec857fe59,SHA,2020-10-15,81909308588195,66859753083390,88365c1c-1084-4932-932d-fb3fb8eac7da,MYR,733400
a498414c-dda1-49f6-b0ca-ecfb8ff9895a,OUR,2021-03-01,40452314746359,43676262184964,f4c9de0b-fe3f-4d7b-a46f-3470bcf5a113,SGD,816436
1f16fbb6-85db-42f3-9f25-d1f8822ed7e0,BEN,2020-12-28,1347021251421,90325365261085,5bd1d9a3-1efd-4d0d-a99c-4594e6428dde,SGD,428157
1404f65c-884f-4038-afbd-2f411c53d4f3,BEN,2020-10-30,31073889230545,596812843013,feca7578-c38c-4315-ab92-7f445df7ef92,USD,117032
fc6023f2-b5ba-46f2-af79-9a92f11c97a7,BEN,2021-02-02,57333277324239,89183238660353,4be5dd84-9163-4b56-8678-301f2fbdb3dd,MYR,872596
2d57737c-8412-48ac-8e40-5e41db644a70,OUR,2021-01-15,71591115216138,13871136100432,9f5304fd-0bb7-4658-a6cc-27768b7360ae,SGD,623848
038c70a1-b8c0-4954-8048-9a9cb2d287a2,SHA,2020-11-24,40363235162152,14828084405602,52abbc24-43dd-4e43-b582-a550931dbfbc,MYR,59993
aa05fc8b-a21e-4707-9d14-d9d0ae631990,BEN,2020-12-13,18014384430322,28114945339476,0f5695e6-9573-483a-9101-35bfb2ffe145,MYR,559646
0a1dd417-90d9-4b45-bef3-32434661cb88,BEN,2021-01-13,56309244205491,57177990566667,3317d1f6-f815-469d-8ac5-c004eb6e1c12,SGD,89225
9216c9dd-7073-40b1-b3df-d42222cd9177,BEN,2021-02-28,54746669551742,10555432004493,89570086-7934-4c13-8fa1-b37ecd3c6f0d,SGD,427766
73ab4701-2008-494e-9544-9a0d3c0a5732,BEN,2021-01-17,45811075647383,61439046131860,93528cd9-0635-4d80-ae15-a2bd97bda77d,SGD,999939
8bf5f946-9935-45e5-a8ac-8005b17592ac,BEN,2021-02-12,72413740331915,43409166729454,0ebb2fe5-fffb-474d-a8cc-ef5dfcfcddae,USD,171998
1b8ac622-ac9e-476f-b0b5-ee786cbe11f3,SHA,2020-11-30,10803700600369,17340668353198,09d1b93b-4801-4a19-a058-3d881f7d9263,MYR,369263
2d6bfa2a-7cb4-49ab-ae2c-eddb2afdac74,OUR,2020-11-22,57933999028152,46469552155832,f7ae396d-5d5a-4835-864c-8e16ac5b92b7,SGD,745674
1e28c183-b37b-4951-ad06-787c97d06536,SHA,2021-01-29,36143231497644,27842452870286,2f3f3908-90fc-4d86-9e20-4c55a8bf5e1d,SGD,253780
99011fde-b1cf-446d-a233-248291f0de3c,OUR,2020-12-06,93657185417876,3298172991642,5862cb30-61b4-4a72-8c81-fb8dc659870d,MYR,904735
c01d4fbc-e03e-45d2-ab91-7bf440784794,OUR,2020-12-25,91020106657669,28112243710826,f123a910-e997-4ee9-a41b-02989036c875,USD,342491
c78321b2-ec95-45a8-ab27-42e9d6daaf44,SHA,2020-11-19,9631929720765,79622277663678,65e5d60d-0c79-425f-9aee-d62ca09d152e,USD,799247
97cbe3b1-972c-40bc-af5c-b91bccb7b99f,BEN,2020-12-31,57032887727726,89524765324875,d811eee1-c900-4e48-a5ed-ad933026328f,USD,397890
e9b4c129-5760-4a96-9caa-a4c1dceb494a,SHA,2020-11-09,27756227630009,75808933600223,e90a00a8-2b6b-497c-a14e-f471584d5683,SGD,242420
2a1fabaa-07f8-44d0-ab20-017e71204f38,BEN,2021-02-23,14828220212138,43699301177482,40320b4d-ecea-4805-887c-ad9827ca12f3,MYR,712245
7bea9ab9-a3a0-476b-bfe1-891167d400d5,SHA,2020-11-17,32115894905073,44170391934601,3c6dd4ee-bf86-497d-bdfd-817aa2b41f1f,USD,598238
19cdf825-4687-40cf-91ad-d20fb1463663,BEN,2020-11-29,71340232506036,94351786764460,f6dd34ca-e866-4b38-a6af-6a1ec39438cf,USD,999501
a94e7f67-11a2-46b4-88e9-c28969d6300e,OUR,2020-12-04,31521196104647,98597619863724,930d2bba-3c13-4218-82fb-397b44de2707,SGD,981860
93266d6b-6912-47d9-9eea-adce48e7353e,SHA,2020-11-29,60847581231342,71442666419993,4e6750b7-d61f-428a-af36-415e88d65f0d,USD,192250
808d570c-e8ca-4e85-9f25-0ce0c67da72a,SHA,2021-01-26,99926316349868,68153590689323,9b7638cc-f2b4-4d85-9a1e-7c3a10287609,SGD,363720
532f7372-64cb-493e-9032-d0051016bf05,BEN,2020-12-30,59952723938080,33443034727503,9baeddbb-c77c-4b67-8c99-930321e7703b,MYR,686956
eeb4c5c7-14eb-4d94-b173-4ae9f509e362,OUR,2021-02-23,33248395648730,92431124152871,88c5e51c-3ecd-41e3-9f89-67749feda35b,SGD,175713
548ec929-d961-46a6-95b9-3f61a49b6237,SHA,2020-10-24,31089791311329,912877591427,801c0683-d4c9-4d8c-b65e-5eceda7a14ba,SGD,122333
fa3075c1-4c6f-49ce-b107-462039aa23af,BEN,2021-01-29,52413427791680,60110793918200,f2f35cc9-b618-4014-8192-ffc121a95cb3,USD,600305
3e7dee12-14c8-483b-9236-e071a2352b63,SHA,2020-12-29,39573384077390,3669375760723,8e455348-b797-4f81-b585-c5885bfff0bd,MYR,832675
5fea8181-b19c-4c7c-b36d-b73a70b8fda1,SHA,2021-02-03,48924473723685,97205201275747,efea941d-2421-4371-a0e1-112733217b26,SGD,318313
a427eda2-b39b-4f52-83a0-682646d8ca89,OUR,2021-01-25,50332284602493,74722524088279,e2191506-e373-4dbe-839e-5df1a15dcaac,SGD,806318
85b33845-2b60-4fb7-bccf-4a825033052a,SHA,2020-11-10,89883858422996,51992517911179,7b417a11-6c17-4992-96c9-4dd61d39c996,MYR,586148
d6b9aa19-b43f-40ea-90a6-e8a697b8fc85,BEN,2020-12-30,74862660877692,801673735182,e0005def-7a1e-4bf3-b61a-ce339d23a068,USD,378761
ad410359-bbf3-42bf-9d07-3b6c278146ff,SHA,2021-02-15,48252758856875,10775813186757,1a447135-bda1-4435-a4f2-75437b5c0fa1,USD,35691
66a96c31-7037-4581-bdc8-d5febfb16223,BEN,2020-11-07,39811590638192,71253480426406,bf15a815-060b-4023-82fb-26adf36cea12,MYR,231425
062b15ab-301e-4bd9-92a3-3ee563d6cb2b,OUR,2020-11-21,34087369933037,27960281765582,0eca6b4e-818d-4285-957e-8cd2aeaf7b9a,MYR,210985
842d6a0c-90d4-4286-a268-50da4a6a50ec,BEN,2020-11-29,93186690137195,7368589512645,519dca36-07dd-49fa-af80-febe95c22f60,SGD,570660
4982522d-03e9-4e43-a89a-2190d4ed927e,SHA,2020-12-29,92559046620013,42613063819597,acfec80b-4b75-473f-bd25-8c2b8d7d2968,SGD,475832
7e548dd8-7373-4719-aafe-2164f2e67773,SHA,2021-02-14,692700418831,32533996763780,25fc3bad-03e0-4de9-b5b1-1c08c4dbb248,MYR,49258
df011eec-7f39-48de-91ab-99b5d60bbc2c,BEN,2020-10-16,32528022885048,19205653570675,827e41e4-2d36-4cb1-8422-817f83008277,SGD,993423
2498143a-85bb-4bfe-aafe-8675a709f159,SHA,2021-01-23,28057173766013,20346653428833,80bcedde-bb76-4a17-a9e6-d08570b14cad,USD,319574
f7de2b2e-6db0-48ec-84f2-9eb8419db9a3,BEN,2021-02-14,70375605785198,69532548956846,28d86570-5c1e-40a7-91f4-37df3c0aebed,SGD,271833
88ef6926-6103-4336-be18-0b70239e3d2c,SHA,2020-12-06,35723259509191,65384026748697,dc0db4a5-909b-4626-ba66-dcd76d18566d,USD,63915
81aee4a2-3f04-415b-a12c-b14fcf5ab440,OUR,2020-12-08,18018972076243,93338368305591,e5856d4e-ba18-45ab-a540-d2a37d4b3bbd,USD,27386
6c16e83c-6abd-4a90-ba9e-7606c2eef087,BEN,2020-11-10,34491142474093,28621114766068,aaef8f93-1a41-4f08-b065-7a338b4a5973,SGD,228099
9cdffaa4-011d-4ee1-a104-5e3f9e1e6367,BEN,2020-10-26,83781737409079,55661886753234,b3f95323-b3b5-4de4-be25-7c2989fd9437,SGD,92292
39a9dbaf-6f13-48c0-9de2-c2579b8adf0c,SHA,2021-02-03,78233850319722,25856063282633,292cee9c-4dcc-4a05-9b1b-008cb738489c,USD,646062
2602d4e5-99c3-4187-97e8-a8f7f058885f,BEN,2021-01-17,52182497921043,35545948917917,9284aa30-2d15-494e-a39a-d3f615555218,SGD,189167
976d4fdc-491a-4740-8f57-3322a5d95b39,OUR,2021-01-12,40352623178432,5439901560228,b9052d46-fc26-44b6-89e2-364a4dfd4f37,SGD,359227
399348f8-7d98-467a-beff-d8b4be199b7b,BEN,2020-12-08,58296984659368,33315918783708,e2bb7797-ea86-4b7a-8b93-4fad9ce35c7e,SGD,799324
9a446d4c-bac9-4d2a-bce6-352b3c9e8658,BEN,2020-12-13,86878159849595,89057225888291,1f3f285e-1095-40b0-a928-9ee36b020ab9,USD,472699
82204ef4-5ab5-444e-a9e6-3f30db38aa22,BEN,2021-02-13,70572064264263,74566390893153,c0eeba65-1d22-4ebe-9203-c6facac8f968,MYR,886935
3cfffe90-3376-4e54-b6c1-3446a910b39b,BEN,2021-03-03,8489688865901,72524481320617,96d65da8-97e9-4a4d-a4fa-54224aba1328,SGD,351357
1bbfd053-ee3e-4673-972c-83c297189b81,BEN,2021-02-21,97292548127318,82452936945166,d04c0519-1d9c-4d83-9c4d-518e77948fdb,SGD,425442
67bb6536-3987-435d-89d0-3289219ef109,OUR,2020-11-16,93599027399466,62814626880519,b3bd2749-5932-42e5-952f-0655ce529fc3,MYR,615930
a91d9aec-8c9e-4b83-a411-bb605bd0f187,SHA,2021-02-17,98005372845588,9856836130782,8c1afb23-c513-48bf-8d59-d297cbfc81d8,MYR,286836
cc079219-ce0a-4831-8c1f-7afeb65fa0ea,SHA,2020-12-22,3007913823193,59980507081731,804218a5-833c-4c2c-82bf-213786b5b17d,USD,868100
692a6cb1-6d8c-4038-814c-c7346665db05,SHA,2020-10-19,15049421659068,14116610680926,83712f6e-c686-4e5c-821b-a5f36bd7f01f,USD,223602
2327d9b8-1197-41c3-a28b-2d8c36ce926f,BEN,2021-01-22,1029104173800,26082418757582,a5b9ed6b-00dd-4a6e-9304-b3ce900bcb83,USD,439479
d42e17eb-a2f7-47df-bd32-b58383bf1f6f,BEN,2021-01-10,83676467489015,71500027403577,b842275c-20a8-4477-bcda-ae4b81b7da71,USD,692875
44b671b8-93f9-4fb9-a350-8d7fa3db8610,SHA,2021-03-02,14023203796020,88964855593047,54734531-4c81-42dd-b210-c999f8d911a6,MYR,907997
82ec9d0e-4c60-4bf1-a87d-2e268abf4fb1,SHA,2021-01-09,32595118501491,67744611343321,4dd3acde-c7dc-4ca5-8670-fefbef76de4a,SGD,236318
b118cc1e-a98d-47dd-b7df-4a1111f01204,OUR,2020-11-22,28766201219516,74321144123329,20c6825b-442a-4903-a66e-cd4c27a7d6e1,MYR,888628
51b5b556-b420-4805-9c78-e96ecc908013,OUR,2020-11-27,3557874898993,34924979682158,75dac5a5-d8f5-4912-9cae-b4699654ac60,MYR,981907
3d102b0e-12c8-4ef9-bbb8-de5154a4a4a7,SHA,2021-01-27,78015376643932,44553151051433,21f5bde8-3bd4-4e5b-809e-ea24346d13ef,SGD,834011
f41f7770-2f5d-4052-97ee-0dfe374c0aa2,BEN,2021-02-25,7383536707508,82670031957239,81d59e6f-9acf-4249-bde6-171519004ab1,SGD,709097
42f9561f-e92f-4c56-b3db-bcd70eee21b8,BEN,2020-11-24,76451291376364,43394977010326,0b7f059a-5f0e-4188-801c-72801f233646,SGD,919103
3af5d713-6b72-4e79-abc4-fc6edcd448fd,OUR,2020-12-18,66016621800202,72743096813571,f1f7df02-46be-400d-a172-fb0c658225bf,SGD,201189
7b8bfb79-7b62-49d7-ada7-304bcad2066e,OUR,2021-01-10,53144540221407,85610659715574,50e3333c-a238-4930-b74a-d21d3ae057c9,USD,623976
3cd5167c-a840-43da-bce9-5962ab2f2a04,BEN,2020-11-06,73595233351662,19297840940115,66029e18-6e8d-4b3b-8858-8fb7a0307e4b,USD,546627
66ead212-ff57-49d3-ab73-20f8b270b86b,BEN,2020-12-06,33819614780239,28423567366578,45c206c3-e017-471f-86df-632088824164,MYR,985621
beebea49-05db-4403-bd63-929beeb42a7e,SHA,2020-11-20,63214265843173,50647847610226,e9d68ad7-cc73-4e37-baf9-60fff44bcda1,MYR,870488
2ebe47d7-de81-455e-b17c-3994f79b01f9,SHA,2020-10-11,53705899355438,28141635098035,a27cf504-8f92-410f-924d-8c96bd285c06,USD,637544
d485726f-745d-45c3-b76c-22aadb04f1a4,SHA,2021-01-08,85869269079806,63318278562410,fc06c222-9d14-4578-bf62-fac57fe48a72,SGD,538137
352d9f81-8edc-488a-a9bd-55df8080c38e,SHA,2021-02-14,74430138390986,43068648879012,7a65ec01-753c-4abe-9c2d-804545934b8b,MYR,56162
2dc0eef3-565e-4d4a-aa3d-119c0c0b41ed,OUR,2020-11-01,43306313865582,49818969069800,ef7763f3-c1dc-4131-a03f-5d840b635651,SGD,263238
dd270683-ec6e-458f-82d2-24a398b39012,SHA,2021-01-26,2067863968857,76514796999282,5395b2cd-7f44-4a15-aa04-c41ccbccd278,MYR,995514
5d48ffc8-68fa-41f0-8511-0ff0bfeacf20,BEN,2020-12-31,60327474900983,98562619055721,f369c512-e315-418a-b4da-03a4d64d87ca,MYR,381560
2d9d7b90-6b3f-47d2-aea6-28aa9875c1ed,SHA,2020-12-13,59441292944898,71627742672800,78a0baa4-6318-4ecf-9b19-5bf6e7fc637e,SGD,182173
5515c45a-8580-48c1-99a8-ed729621687b,SHA,2020-11-07,44051863148559,31757870395360,fdf360d3-ceb9-4325-97ae-3095a44c4a63,SGD,403254
dc637f35-5df6-4e4c-afb7-03def7b17685,SHA,2021-02-28,1963714147898,4262769850219,f6b60673-9713-4f39-88ce-37f35120cc71,USD,419566
97152553-d767-48d9-b984-d121b1589327,BEN,2020-10-10,21192091192604,84445499783203,f5bbe882-c738-43b1-b0f0-cefe72a28bdf,SGD,245499
59f287f6-f955-46cb-a204-1de3d220e893,OUR,2020-12-29,67857889017617,78904516897541,5e31826e-2543-4b8d-9c2e-cd5444325c2d,SGD,354916
13e4535d-67e9-4e81-97da-815252961147,OUR,2021-01-20,23279594003644,33213489764249,a86fbf11-63b2-4d81-86eb-e8770f4425a7,SGD,76503
3abfb8d7-9b72-4361-a6f9-f52dace8b29e,BEN,2020-10-22,27950009148307,10933803035838,81378a62-5dca-4fc6-9a43-496c3bd5424f,MYR,451902
10b58f18-44d1-4e0f-9122-d8a2adfaa5e4,OUR,2020-11-19,49464950296039,37407846183477,97fbf564-699a-4381-a8aa-44bf00fd2887,USD,463486
174bf86c-5333-46c1-b67f-b917061e082a,BEN,2021-03-02,54813815366148,58419585839459,e32a42aa-948a-4c4e-b7d8-80972eff3f13,MYR,583867
9cfc7b5a-5a3b-45a3-ba4e-10292c31f95c,SHA,2021-02-22,82025754397218,26664461129461,c344f131-70ae-479e-ba2a-128bce429420,SGD,259102
f1117f18-1fb7-41a4-8085-e58c4671f0fc,SHA,2020-11-05,8488232179339,37604593849780,9d0adf9f-6c7a-4658-9816-c4ec55b5a7f0,SGD,315547
d0fc2e94-6cc0-4ad3-aae2-70501b59cb53,OUR,2020-10-30,22432908547634,39687237231289,b1855f8a-222b-48a2-aa9e-f43b457329be,MYR,941149
98c7f491-47a5-4de7-9269-cbd322945beb,BEN,2020-10-18,43959872174227,93386392844901,7ce72566-5d83-48b9-81fd-0515c0e243d6,MYR,468984
9286d853-04d6-4235-a37e-33fdba2906ac,BEN,2021-02-07,71310003372566,973155530290,a7d7fcaf-ac32-4177-9b9e-2ad60b57e68d,USD,599381
12867fb6-f471-4e07-883a-df5eb026bd30,BEN,2020-10-23,48388631945294,70034976787265,1c17433f-7285-4c88-a791-20acac0a1a67,MYR,879400
66fae514-decb-4045-bf18-7c2788893e07,SHA,2021-02-26,440664809806,67604207547651,ec56f566-410c-4c24-87fa-939cbd32607a,MYR,476053
b827ab29-1e98-4617-b4ee-e6eb2f32f449,OUR,2020-10-15,64130151821212,90698147027603,5d1d7d8a-7c09-4028-ba27-776c51797d44,SGD,558695
aebf38e7-497c-41a0-a411-d4aef8a61805,OUR,2020-12-02,45968454930370,63114763842697,70ad69bc-c7c7-4169-9067-4436193648bf,MYR,710476
a03fde03-0d3f-4ed9-af7b-6e34b5a5862c,OUR,2020-12-18,74507735131827,10397639170641,9f453698-0c03-4b41-9281-1b787a41cd95,MYR,873701
d8576424-7455-4807-a7f2-99fbd3111e49,SHA,2021-01-22,49563278020721,80801279046550,e25a386c-d4f1-4bab-8f4a-235c9282f86e,MYR,443390
a5db5683-f182-4de2-8b1a-c07ce410966d,OUR,2020-12-28,6305417445364,65944578588957,d79a4f82-b0d9-41cf-99e7-d113ac17c086,SGD,388267
80e6fd30-d814-4717-8505-11cada4ea530,BEN,2021-02-23,78733572436137,53020150429431,e67068a1-284d-4a1e-a5be-4cbe90836c4a,SGD,451865
40cd40c9-11df-4e98-ab2c-df16fc406950,BEN,2020-12-10,16621586824357,16116405409444,2caa522d-fb9d-44cc-95c6-67856c58abd4,SGD,81139
97471b3f-e8d6-4e1d-bc14-50c8bffc06cd,BEN,2021-01-01,69536823006003,60173827499892,59059666-9243-44ae-a53f-320474edf50b,MYR,577272
65a7f77b-8041-42ba-8150-6c5146b01c9a,SHA,2021-01-02,38073675312109,64617959636594,ee8bfa6a-4d65-4787-bdaa-b0c9baed2706,SGD,839171
b9f5b71b-2563-4db3-b7ca-7a1903e93ca1,SHA,2020-12-11,70265402237850,56501385860930,b8063bca-af65-4778-a3e3-edcfaf97f132,MYR,561127
3b0683b4-d515-43d7-8bd6-7dee3aa8888f,OUR,2020-11-19,47017916720391,68029153379728,3f5a8641-82b2-4be9-b7f2-235a03cca04b,SGD,386778
c9f5681e-33d7-4175-bdc3-d9b4b823f86f,BEN,2021-01-13,10321087155042,45207162604330,64bbedb4-953c-4414-aaba-91d81574e067,USD,470149
db4f1c94-c672-49b3-b6c2-0f6409b81b9c,OUR,2021-01-09,25396582780495,75903880125874,802e87a3-42ef-49d7-80b3-9ab2dfe59cfc,SGD,82309
fdfeeb56-799b-4e6c-8bd6-79a089b87adf,BEN,2020-12-20,80988775669767,24881982711496,828dda64-bad4-4e66-9a92-90fd6608c622,USD,757436
057fde8c-7fd5-4f60-9e8e-84e9179ccc8b,BEN,2020-12-10,70669441999980,41393869146918,f4bc763b-0905-4bc5-b18a-85caebf85031,USD,148428
e21b95ee-b56b-4ca6-b71c-919a96804cba,BEN,2021-02-15,33044091376718,13325379274034,e03e3944-e745-4d1d-a558-be194d5173c8,SGD,628239
3f75d334-617a-425f-9da5-2760f5d2cef8,SHA,2020-11-08,34495539077412,98665214385132,87a98a61-7646-4179-913f-f07b57d8cb31,SGD,835322
28253d36-7bac-46b0-b9a2-bd9d97d8c234,OUR,2020-11-16,31713564597401,31598915704387,0054c026-78ba-45a2-aca6-15da2c18ba3b,SGD,532982
bfb37b3d-b668-43cd-a2f9-15d569c9034d,OUR,2021-02-03,56609616216147,25500050930570,0abe8519-43a2-4dcf-9867-53a2a5a0d8d9,SGD,442027
0a6241fa-884a-41ac-a349-f334f8ff0c01,OUR,2021-02-04,24207018480072,75372820671010,917a9a05-ab55-4dfb-bd40-30fb5a9a4cb9,MYR,571574
d1ca4b20-b372-4927-8a11-a3e2fe2eb87b,OUR,2020-10-28,99536420576896,60197333158372,44c56b70-3251-4b7f-920e-3940b2f181d1,USD,388947
75376729-0d82-443b-8975-d73d73c1b3c7,OUR,2020-10-28,9013355008005,19323404665180,c97bc1d5-c30a-4ac1-88e6-1706b0b748f1,SGD,457555
80299b55-ee67-4fe8-9481-5f08128625f7,OUR,2020-12-01,36511430021715,35839226039052,e8ad74d8-6be6-4ed6-afb1-f614a9d21fd9,MYR,157017
3812e491-dd2c-48d0-9287-2082b647d838,OUR,2020-11-04,86009452958004,53539265764293,a593746c-55cf-4b53-9e9d-96bc6b57c354,MYR,700484
dceadca7-5a73-41d9-bc8a-c25d067c591d,BEN,2021-02-03,96007386617310,71470528894512,45edb139-d44e-4725-8eb6-bab5edf5c854,SGD,550625
34933ac5-3643-4460-8d5c-3d46b155d4a0,BEN,2021-02-01,63505215895880,84160913451131,353efad9-5cd0-4888-8c97-0b3041af8195,MYR,247293
12c4cdab-4f6e-494c-be92-4e76eb0ae3cf,BEN,2021-01-02,88857471215057,4855883557676,0a1a0cf1-86ae-4ec1-b1c4-9a83a5d1b3bb,USD,270863
a1e46366-016f-4fbc-94f1-21fae3334208,BEN,2021-02-25,13092744179468,63689055412447,0a4f9acc-7c22-4444-9191-ef2d22155cd0,MYR,166524
b173229d-a262-4fb4-add7-69ce85e8244b,SHA,2020-12-18,19147755884861,76563864220383,c28acea6-a821-4e61-9337-7809532268f7,USD,236675
a1597bed-c6a9-41d5-ba53-1c677f363e0a,SHA,2020-10-20,60237408857601,45700844454547,8c561bba-2f5a-4d45-80b4-f74d0011fac9,SGD,400311
6d5e49dd-4f7e-4453-a013-99bf56c25805,SHA,2020-10-15,64020833586637,63339460587353,4c100a18-2f9d-4d7b-9ef3-bc18445a4e1b,SGD,34136
235106f0-4c87-4d03-a29c-28b324366411,BEN,2021-02-25,72647351717737,70653517370212,c08edb16-1af2-42ac-a2e8-591baf60bb5e,SGD,167949
2dda1932-212e-4163-b230-c250dff1bed3,BEN,2021-02-15,49547382337766,43124398389420,ac2dcadc-ff4a-4bf8-ab79-f1ea5986c24e,USD,174422
43def94a-4853-4e2c-8613-ec6bfad1eb2b,OUR,2021-02-28,70438650620316,60682562620961,94f79c28-5f2b-4f93-a948-6347705d32ac,USD,487904
43eeed43-7e70-475b-b17d-04342c65b36e,SHA,2020-11-23,49109046505583,16872179229802,a5666e30-38c6-4d68-8ba8-c0f71607f264,SGD,590539
02bf151c-0be2-4299-93d8-4e9ed3f10903,OUR,2020-11-05,99863314435794,62710075889968,fbeb58cc-cb34-4ec3-ae9b-a14ccc3b1676,USD,871923
2a2dd3f7-a0df-4c30-b8b0-5c1f461045e7,OUR,2020-12-19,16441789815796,44909352525813,41289fe1-3b98-4954-a23c-68a481ea6e63,MYR,666340
39244040-85f7-4734-8d21-435963f058bd,BEN,2021-02-03,80609960550952,74766523020754,7abd196d-2e84-45e4-9880-92d450adee95,USD,609554
30650a6f-6ae2-4907-9f2f-657497c36527,BEN,2021-02-24,28282506724716,94541597645868,7fc4242f-4f5c-4321-bb71-60cf52d3f40e,SGD,582054
ea22be94-65fd-4fb9-857c-8c1a1755fc1a,BEN,2020-10-10,27006077799274,70898057074373,8ffcc8f4-1300-4aea-9cf9-1dc6b0a02588,SGD,324626
6798ecaa-3112-4f99-bf61-4aaf43d3194b,SHA,2020-10-28,24242862446764,82614084700281,ec8c3b8f-8a59-4198-8d73-6138d80f4c6d,MYR,945848
891dcd17-7aba-48fc-a25d-7d384e9cdee3,OUR,2021-02-01,29414216839414,24244480097381,2669a14d-6af6-402b-979f-8d07c93fdce1,USD,719466
f92bc733-c281-48c1-83ac-371eff887d02,OUR,2020-12-14,89077417924692,18139275746062,54b6672b-2be2-4d08-8258-64aca3454dd6,USD,638587
b5674a07-e0e6-4353-80b1-d0c2251848a5,SHA,2020-11-07,39935932488601,82031658537105,fe80f3a3-3096-4da7-83eb-3c68c2ec2d1a,MYR,187292
69a5ac83-24dc-4e56-8d3d-846ffa410025,OUR,2020-11-18,5078385075631,7483544119372,b1711e80-deaf-4e32-9f22-f667132af36d,USD,889628
b1dab3b3-490d-44ac-8267-864f2c39ff1d,SHA,2021-02-20,10618505902630,8871035902271,974fcdd0-68a2-420d-9b70-1539ceda4554,SGD,760847
b47a3240-b7b4-42bb-afa1-0389bc183877,BEN,2020-12-04,93635690331408,42020714426927,3b03725c-39f2-44b5-a126-d51165dc06af,MYR,670139
545b837c-1c65-4d66-90f3-24ddba3f75e9,BEN,2021-02-28,40853936843182,98145814771775,4b09db11-92a2-479b-9e2f-1b6d76d9ec3d,SGD,317472
80b07c17-25d1-4050-af84-e6d544d77310,BEN,2020-12-13,69812719825102,45634138469138,4bbb9395-a814-4154-b176-0ab4d70fd76f,SGD,78768
8c3bafec-5880-4f21-8eca-078314571a28,BEN,2020-12-29,70310398498238,14147478355876,32bed513-922b-4ed5-97f5-199d9e51ea16,SGD,230544
82dec6f3-2d91-4aaa-ace4-fdd397746176,OUR,2020-10-15,98962484335194,87354230467692,ff5263e2-2227-463c-9a60-01cfef1f6eb6,SGD,640345
01e185ff-1484-4aaf-9b12-35b627042b21,SHA,2021-01-07,67540643711200,44372638425814,5b656909-ab9e-4a42-baaa-fe23a472cafc,MYR,201759
#NUM!,BEN,2021-01-12,78281436000743,91850040768718,f744fbe6-3995-481a-95de-a706e911e09a,SGD,713323
2509db6d-5f2c-41bd-a909-af5eb1f914bf,BEN,2020-12-27,79154745356940,8621625047643,64761f17-4cc4-4e7f-a547-a79686323a6a,SGD,671038
15251463-ede1-46ae-80cc-3fd0fc335b3e,OUR,2021-02-24,29081363544425,49524007019127,2b717b2a-832e-416b-9b1b-a889799301c0,MYR,782246
658e2985-5cf0-4fcc-8ca6-940460862bb1,SHA,2021-01-27,50163637996091,33639911437192,a7793ca3-9877-436f-b0a6-75673cfa7eba,SGD,511657
9d9c6fb6-5c7f-409c-bc7f-e3dbee7cb853,OUR,2021-01-09,73775412381604,8509277588352,83eb0c68-e101-49df-a9b5-641b755b90fd,MYR,60748
a0488d0e-08f8-4fa6-8c54-f2c6a0898c32,OUR,2021-02-13,54800234513709,67598318267904,256c3550-b2d9-44b6-a45b-94f7e8b47246,SGD,508134
a1a284ce-5b64-427f-912a-b2dc96730539,BEN,2021-02-18,60737049431064,48952327351177,c1925222-ca7f-4b31-bef2-63c6edb19671,SGD,180620
efb41062-8425-4237-ba71-dab27a664117,OUR,2021-02-28,36393372456445,35329441104627,2a853680-af30-474f-bede-bdb254eb6a80,MYR,322115
6f113574-5e1a-4186-853b-e5eff2a4f08e,BEN,2021-02-02,85674873932532,24158300464903,0ea78012-4514-4e8d-a4a5-bbc3dc83e60c,SGD,897389
03f1bbfd-2f9d-4f21-a177-841efeebc596,SHA,2020-12-16,49897642370150,53460189544063,a9d19900-592b-478f-8952-62047b2ad647,MYR,316406
9e3b6784-391d-4c2c-8f3f-91ab5085efee,BEN,2021-01-29,31656353734048,12042255333509,7ea43c3d-fc20-460e-9acd-cccb6aa4ce88,USD,211736
6da5fc1d-bbf6-4e99-8074-c511de3ccbfd,SHA,2020-10-15,42382261450947,77217719991332,77611c81-da93-412a-9b38-7a0c88de724e,SGD,336105
0a61da38-c637-4ef0-a1cc-23a4224298cf,SHA,2020-11-10,59238963344599,88803218643135,e34ff8e0-ba3d-4fea-b923-1dcb5ed8b291,SGD,533397
d8f4ebf0-c74f-46e9-8ea3-1dd7da48ee73,OUR,2020-10-24,46124634367376,88109400145589,46f92b09-9f12-4ac6-9a1e-c29f22c0e400,USD,59546
a852f8e3-fc8f-4eb6-82cd-b8b9047eb234,OUR,2020-12-30,68985380402952,21064393759493,3531796e-2aac-4b30-8177-7caf75604b8e,MYR,617390
e4c77251-64c5-4a58-8a53-b8c391b9e4bd,SHA,2020-11-29,50251709657576,83245854723390,faba0ed0-e535-4e93-8044-5faf479eb0ba,MYR,214850
0a6e0286-d4a3-4905-9c21-91d1a8f3c3dc,OUR,2020-12-19,14026654397459,49447588803795,0ccff2ba-f859-4cde-8916-bac103a7ca2e,USD,952685
b3b679a4-53b6-40cd-8383-c1c5d0f24d44,SHA,2021-01-01,74110781319668,60224725043216,f0ea49d2-995a-4047-aefe-b83413c76cf3,MYR,457852
a36d1f03-4388-4177-b39d-418d880b6909,SHA,2020-12-14,67874110008062,54259327041546,498698ae-f22e-4c6a-9c3d-52a63a96b477,SGD,827950
47828fc3-502b-4e8b-875a-5253f5850c1f,BEN,2020-11-17,86717846295865,7835708576916,6cdcd689-80c4-46a9-8a97-389b76bd1c26,MYR,127821
e1a66a05-6d85-4f62-a4f5-d6b31732df41,BEN,2020-12-16,70758158493068,24698923242456,92c444ce-41d9-4b1f-9e67-08cbd404835f,MYR,912965
1b5b36f5-2fb8-406e-bc1d-3921d757e659,SHA,2020-11-17,33471965819138,85209052167807,2beebc94-a75d-4c3e-a4a7-bb7c9433e9cc,SGD,18518
a38ca69d-7bf8-4821-8d32-5a91b1fa6f20,OUR,2020-11-10,90701244304212,82945189607236,cba10602-3bf9-45dd-a6eb-dff86744a551,MYR,261992
8f6f75c5-9b02-4a68-901e-3c949ba119e0,SHA,2021-01-02,11628148147341,22374470130642,4fcfa563-c9f0-4f3a-94a9-9cbcc0b1ab0c,MYR,606983
cb60d61c-7c74-4ab3-bc4b-8b4c43fdf8a3,BEN,2021-01-30,76889692750914,61110924997236,aea53273-dc6a-4ca2-aa1f-6019af38bd76,USD,55745
acb5b7f3-9a0e-44dd-8d14-afd7fa87ee69,SHA,2021-02-22,53122406901266,7994956646897,2fe248e7-7fc2-4bcd-9f83-9c274d1d0f0c,USD,690740
d2e7c8db-0f70-40df-9563-978cd2a6acfc,SHA,2020-12-30,25531854193922,80863977626422,2986c285-d3d2-443f-9678-b33aa37b0b6e,SGD,153547
bf60d7e3-8cdb-47e1-abd1-83596eb15c43,OUR,2021-01-03,50048459698373,8099001798580,191eb352-77e0-4d5b-bc7d-fed54a627693,SGD,623942
84aad92a-f86e-4647-85fc-3ce0afdfe372,BEN,2021-01-06,29267271556062,97716427505889,b95a45aa-4664-4e89-a385-faab668b543a,USD,874274
ce08fdcf-d4d0-479b-972b-1dd1f864496e,SHA,2021-01-29,72629910572335,11508307434919,a3f4c5eb-fd54-45a9-bb49-dd791d80b745,MYR,189071
6bd7fabe-5b2d-43da-9a54-a4c55b40229f,BEN,2021-01-31,18380446716100,20793403415529,a3c48229-f327-47c3-b6cf-f4c8806dd623,USD,645126
db899459-4c1b-4df1-9951-ffe0e234f1f6,SHA,2021-01-13,78231567732690,35637851627636,05f8912c-2a7c-4c22-ba11-c44ddaa0ceec,MYR,523223
e39a56a0-8310-44f4-9680-567bf5a6169b,BEN,2020-12-23,68974266258973,66754106623893,b056089f-4b1b-46b7-914d-5c8cc73d80d3,MYR,500037
83807e73-52c2-45fc-a76a-4d37c86abdfd,SHA,2021-01-15,94398440936084,7245064634204,fc4a17cb-639e-4a11-8f13-375bfbaa6c34,SGD,510770
14bffe95-cdd6-4233-af85-c3c2aafd2e8d,OUR,2020-11-07,88969523337927,84526036207543,b183e3bf-ed37-4bba-9ba1-857457cd771a,USD,367286
d33d4e7b-50a4-42ff-b97c-e755443dbf8f,OUR,2020-12-23,98368853531763,96458885483088,1af287da-1e8c-4de2-af14-9e8023caa4aa,SGD,70801
6daaa487-f1fd-4fb4-ad15-bbee0eace50f,BEN,2020-12-17,65878846571049,49824790617966,40471527-e3ee-47ed-9b29-7809272927af,SGD,924471
bc316339-8a84-48b4-9b06-2c3111dcfeee,SHA,2020-12-28,46554969450575,36841204432652,3c5777e5-fb9f-4a3b-8d8f-9df79e5e3532,USD,420626
f7d940f7-8af9-4b1a-b494-fc5f2771e58f,BEN,2021-01-12,41197394057427,36394526811751,d21d3dd2-feb1-467b-8ebb-d7af16d8fab3,SGD,906949
4b8cece3-5c04-4158-a81f-f968de9ec40b,BEN,2021-01-30,39782964380959,15979448551713,e5980074-857a-413c-85f1-ea39c7642454,SGD,247932
e76047b4-0d50-4815-aede-6a35437828f1,OUR,2020-12-12,9000456644565,85238821862053,b29bdc1f-e34b-4b79-b3c6-a36505a7a940,SGD,557203
ff451720-3574-431d-82c1-b09114a16b46,OUR,2021-03-02,96487250035348,28514384998537,3da867af-3981-4f96-9657-8f20f42cd11b,USD,249085
f505a29f-b0c1-4ff0-ad0f-1009c344c322,BEN,2021-01-01,66829827897716,42108371643604,41c9a7c3-75ad-4b9b-9e74-0bd8109e7c7b,USD,189146
9a49beaa-606a-41f4-bfee-0270e8af58cb,SHA,2020-12-13,60643774513505,49104462470362,c6415977-ee95-4216-a1f5-4a5097fabe19,MYR,841681
fe19e339-bcf9-410f-931f-9767c9629f68,OUR,2021-02-18,31551627821608,65797229229018,a3657231-6af5-4b3f-9b58-410a0c6f0fec,USD,442909
bc641f43-cfb2-46aa-b648-7e3b4ef9d543,SHA,2021-02-23,27704736534820,17711465948414,c28402a6-d96f-4623-8d61-aecbbeee00a4,USD,979998
48ba2533-222c-4a12-a948-4edd7b2c8610,BEN,2021-02-07,47189197219526,25473817463432,b6175a40-ec74-4b5f-a4a4-ffb6ad0711dc,MYR,590156
1cd7683e-85b7-4e69-820b-fa5ce4666073,SHA,2020-12-06,21185140651115,67395437066401,4bbbb8a4-a98e-4bd3-bd71-89a259f14bf0,USD,158804
defbf608-2d4f-4b6c-b87a-db86512cca69,BEN,2021-02-05,94833091690447,85308277990540,cd403082-4fe4-4994-915f-b51eff3ad276,SGD,532140
edb74e45-81f3-4b9a-b9ff-43c2561c8d0c,SHA,2020-11-27,74522350002214,13308277523160,63f69d40-8be2-4409-bcf6-c13bb06ba597,USD,687491
07a5b718-f692-4d8e-a7b6-8cdfa3ca9be4,BEN,2020-12-04,51737196194041,94759322677447,60f4b560-b886-489a-b0c7-bc738d3fe443,SGD,75162
518d1397-d435-4dc1-8d33-f3534f26a79e,OUR,2021-01-20,91851828983221,37498376545773,bdb5ad69-b130-42fd-859c-4e9ac26287f3,USD,521197
33506036-4b03-433a-8984-c7ce69b6637f,SHA,2021-02-13,92610011181261,89413408312861,aa23d447-41a7-4f08-bb76-a9c164099417,MYR,100570
93ef70e5-dbb4-4dde-b5a5-58a5e7f36938,OUR,2020-12-20,54468340783333,45580863535938,d3692692-c82a-4d7d-b9b2-7a68c47e1f3f,USD,57828
8a9a997f-8b9b-4044-af75-3c870496c5f2,BEN,2020-12-17,15835384119250,7158120402486,724051c1-c495-4bc8-a680-e0c3398aef92,USD,871227
f80941e2-04e1-4637-8229-9bd1e0d1c8a1,BEN,2020-11-17,40351464499984,7925526288774,64fc8111-10ae-4c58-a0a5-08c9ef1df481,MYR,420472
c1557056-8c5b-4c63-b674-488bce4b7ac3,SHA,2021-01-25,37540285786489,47563339832832,9d60cbe6-8193-4aac-8f04-5bdaf4d6eb5c,SGD,638508
efd18433-7b98-45dd-af96-709cb250ac2a,BEN,2021-01-10,52619790298961,50001444669487,f0da0bd1-a4eb-42c5-9c50-bc99213de881,USD,76754
b8298f84-1d08-4f2a-9dd3-657b9ff89cb1,OUR,2021-01-12,71648403611855,37186776075309,39f766da-ee0c-437c-82c3-fe51a7762700,USD,631267
32513686-9d90-4afa-99a0-69358979ad09,BEN,2020-12-31,45900091135386,32220297462261,2d21362a-b183-406b-b785-59aa67557e31,MYR,46551
d9cb78b3-4e91-4a5e-84de-49f2d4741136,OUR,2020-12-07,61322515808271,58554903947093,3d4f118f-b055-45a5-aff6-7b78d0e4af74,USD,799803
72aa9bd1-071c-4f24-bf0a-9757e5b07787,BEN,2020-12-24,48779749617396,85360611266057,3e8502f2-cd43-452b-8a59-051ae5d9d3b1,USD,210501
08a22515-189c-419f-a564-1cf1f2afcfff,BEN,2020-11-06,77262698752745,75700716792846,facd2661-4631-4b63-b226-8171e699f916,USD,416329
67d1978b-0d62-418a-88f0-eb9e9b8c9920,SHA,2020-12-19,39084265011718,35054058808995,320843c7-65c0-42fa-b8d1-990e55c1e823,MYR,289332
86e0c34b-581c-491d-96f6-00e72b969a21,OUR,2021-01-13,75647002636285,86911172765278,068698a3-8212-4904-b9c4-7cea577e4d15,USD,371033
3e742f3c-fc1a-409e-83b8-1aa0ab16a0f6,SHA,2020-12-10,43705823061166,97301555657083,d015df1b-7ad3-4f7f-93d4-ab798f4cf0e0,SGD,752515
1414ebfd-bd39-4e88-b51b-ddbf8f63a4f1,SHA,2021-02-16,83615009608568,85192785272456,b79c346a-58c0-4906-b1db-6413ceac69e4,USD,266559
5e6efd9d-e1e1-40cf-aafd-453a5de2bb67,SHA,2021-02-12,82436111091992,97752152427523,186df6b6-eea2-4233-b8af-fa5ff015b4f0,MYR,257046
4d9b3dd6-6a1b-44fb-a9a1-112d7e607611,BEN,2021-02-20,96793239250638,59438430566770,ff5340a2-2e05-4775-8654-29eab75802cb,SGD,467735
0eb53ea5-4653-4b6b-8f8d-332f7473a2ff,SHA,2020-10-31,2352015668607,98533155727819,5b7b1a98-3f1a-4e83-885b-598fd01b0a0e,SGD,150887
06bd0567-c4b7-42e5-8d47-9fb4c0a1a349,OUR,2020-12-16,92571873840891,52040697528275,11cea4cb-76b2-444b-9dc5-69626d454c24,MYR,775023
f4a5b3f1-79f5-4ada-a853-4eb8d7d476c4,BEN,2021-01-29,11542768133357,96410310127595,06c59409-3246-4b2a-99e2-3d989e13938b,SGD,608838
4e89c27f-39cd-4962-ad94-2a1935d21cbe,SHA,2020-11-11,4022019595440,70987489674512,575bc4f3-1eb4-4f28-95e1-7f84873e21a8,MYR,166337
0bad07b9-0e87-4757-9c00-dcd2a0e48a0a,SHA,2021-01-28,88959058277626,76276050084811,b0b11d19-42fa-40be-be2a-36ae905e3832,SGD,459344
284fb924-fccc-4546-bb77-7c8947f2f7c2,SHA,2021-02-27,84874878549336,28565384238025,364ef8cf-dc4f-4d4d-a210-c035c10b0c63,USD,209984
8fde826c-4079-4bbe-a719-b931ff96a273,SHA,2020-12-30,95452885934465,27870499967772,219b674b-1f47-4ec0-8451-fb2f18521251,USD,509794
f5685e01-746a-4670-9043-ca3108dfc553,SHA,2020-10-27,5118535714363,20648553457232,cca2f9fd-4a97-4259-be58-8658289377c1,USD,344116
0d9271c0-306d-46c6-9e2c-4ca90cbff90f,SHA,2021-02-18,98644311561776,85334574325072,12ce30a8-ebdc-4a44-8a0d-e25571a46464,USD,399495
72c61453-45da-4930-809f-049239432922,OUR,2020-11-01,14818621098506,56953269830787,b50b372e-b5eb-41e9-8b82-6440aa065dff,SGD,931135
a22525e3-8900-4561-b4fa-0e3c3313ea87,BEN,2021-01-11,65144127707349,67860181561698,2e3e0e4c-2123-4774-b6d0-a4148d9dacf7,SGD,62382
6c2cc2d4-5a63-4438-a8f5-cd6b2074bc23,SHA,2021-01-27,28923949819279,28306843313520,b3c3b624-5f15-4a90-9c1e-bace7b4018d7,USD,353334
3fbaa484-57df-4745-bf48-0c1957d428a6,OUR,2021-02-01,30412279470329,93556778544852,d720f70e-05c3-45a3-a243-85a368a4b3bf,SGD,697415
cd727081-4423-4f06-be26-4360030f8031,BEN,2020-12-22,6026176452740,70154781402159,9c6bc6ef-a96d-4f7c-b830-5547343254df,USD,473536
77a31677-2c86-40cb-bf64-2fc44f9fd51e,SHA,2020-12-29,20593494609241,41120924705591,932d4afc-daca-4cbb-9640-032b73c57c38,SGD,499885
89a1d99f-d4f2-445e-bc7f-6ede358fe56e,SHA,2020-11-20,75520389272533,71121200981027,908b18eb-7ac3-4aa8-8750-8cbbea1399e0,MYR,288878
df8e04c0-8a08-475a-8e68-53f1aca783d7,OUR,2020-12-19,11300727264135,43804873521029,fc52f2da-0121-40b9-af78-f536e53e3141,SGD,982175
4f01c2b7-1720-4330-90ec-194bfeb52060,BEN,2020-11-01,68112793866961,32100072645416,96e4c89b-f622-4e2d-8c3b-ff840e90c797,USD,541941
ce12522c-d901-455c-bc73-229ec3af1490,SHA,2021-02-26,86195225170326,79267867446288,2dc387e3-b41e-4e6a-a2b9-becb5bc57d90,MYR,716305
9cde70d9-9755-4029-872d-2b957e6930f0,OUR,2020-10-10,33280250193685,39182520373050,f4d159e2-60ae-4aa8-b3ce-2d881b5e2406,USD,597712
636cb65c-1d98-4b31-b6ae-dbd5bff0f004,SHA,2020-10-16,20766673108055,98463842043664,cd944e0d-7658-45cd-a8c6-741205c35a17,SGD,670608
8271e582-e8b7-4886-bad7-5cdea0c2fa7a,OUR,2020-11-23,27749796635885,20281476404132,0e9a00d9-92de-4b3f-befa-769f73d65bc9,MYR,183347
4d842bea-7d3c-4b6a-9de2-e1fa68167e9d,OUR,2020-11-14,87521068015755,92768122295487,512f008e-4ff9-4840-9121-7cc12a6216e0,SGD,235523
3fa1df66-88f7-4136-a379-f9fb4deaf5be,SHA,2020-12-04,97625622220018,86072421018101,5cd23219-9cf4-45a6-885b-62b8a7579f14,SGD,490095
e65b5fb0-208e-433b-9805-d054e58fbc12,SHA,2020-11-10,89847793607448,27717831985850,7010085b-9e3c-4db4-8fce-ddc8b6dff065,SGD,179119
2447ab2e-9f82-44c4-8e64-8602286a35cc,OUR,2020-12-01,19923125730490,68269175132480,e61edb6a-0f4e-42c0-8a21-64c119c52659,MYR,360946
34aea470-abd3-4ad2-bfef-cba776dbd78a,OUR,2020-10-13,10839615917001,35000057640581,cb5b1a8b-1fd8-4438-bfe1-ea008cf2b4c8,SGD,971771
c5e9bffa-3252-496a-9bea-2994cade6f09,OUR,2021-02-15,72412184280583,65659577548639,5c51e952-00d7-48e2-b2bd-367bc32c18dc,USD,238449
62c661c1-edd5-4fcc-8d06-03a2ef0f7891,SHA,2020-10-12,63233037081272,46499452459711,a74a7751-00bf-40ef-8e09-e080b219518b,USD,712015
0d9e72ec-ce83-4ad8-a897-2105888c5167,OUR,2021-02-07,4563641740256,14735400624391,57dd0ec8-536a-430d-a073-673a6e327278,MYR,63553
fbc80b60-3fe1-4914-b4b7-bea3b8e775d1,SHA,2020-10-16,98226276658885,48802983124422,e6cf53ca-3913-49b5-9ecf-ca6e7c4f0f5f,SGD,513949
4be69d56-5157-4b98-a3dd-5124f87f865d,SHA,2021-01-21,41885867152891,79084290815100,925fad98-9ebf-40d3-bc78-36f20df96f80,SGD,63183
44af747e-bc02-4e94-92f8-fc74e82c5d06,SHA,2021-02-19,82344277817354,44759815135583,8fbd2acc-01a4-428c-aea2-0e79bdce4733,USD,920384
290f4658-4647-4de9-96b3-8aa327c603b1,OUR,2021-01-28,68036242522780,61319687655645,ecba9647-24f5-4784-9e74-75abdaf99ae4,SGD,118555
e6748ee3-9352-4a84-ae71-93ea1923ed0a,BEN,2020-10-26,98962552315905,74225375900203,ba751d9e-6a2b-4e73-8ddb-a460dbb6230a,SGD,413582
